/* Курс "Базы данных"
Урок 4. "Вебинар. CRUD-операции"
Задача 1.
Заполнить все таблицы БД vk данными (по 10-100 записей в каждой таблице)
*/



-- Generation time: Fri, 10 Apr 2020 20:57:49 +0000
-- Host: mysql.hostinger.ro
-- DB name: u574849695_24
/*!40030 SET NAMES UTF8 */;
/*!40101 SET @OLD_CHARACTER_SET_CLIENT=@@CHARACTER_SET_CLIENT */;
/*!40101 SET @OLD_CHARACTER_SET_RESULTS=@@CHARACTER_SET_RESULTS */;
/*!40101 SET @OLD_COLLATION_CONNECTION=@@COLLATION_CONNECTION */;
/*!40103 SET @OLD_TIME_ZONE=@@TIME_ZONE */;
/*!40103 SET TIME_ZONE='+00:00' */;
/*!40014 SET @OLD_UNIQUE_CHECKS=@@UNIQUE_CHECKS, UNIQUE_CHECKS=0 */;
/*!40014 SET @OLD_FOREIGN_KEY_CHECKS=@@FOREIGN_KEY_CHECKS, FOREIGN_KEY_CHECKS=0 */;
/*!40101 SET @OLD_SQL_MODE=@@SQL_MODE, SQL_MODE='NO_AUTO_VALUE_ON_ZERO' */;
/*!40111 SET @OLD_SQL_NOTES=@@SQL_NOTES, SQL_NOTES=0 */;

USE vk;

DROP TABLE IF EXISTS `communities`;
CREATE TABLE `communities` (
  `id` bigint(20) unsigned NOT NULL AUTO_INCREMENT,
  `name` varchar(200) COLLATE utf8_unicode_ci DEFAULT NULL,
  PRIMARY KEY (`id`),
  KEY `name` (`name`)
) ENGINE=InnoDB AUTO_INCREMENT=11 DEFAULT CHARSET=utf8 COLLATE=utf8_unicode_ci;

INSERT INTO `communities` VALUES ('4','est'),
('6','et'),
('5','excepturi'),
('3','ipsum'),
('8','itaque'),
('1','necessitatibus'),
('9','odit'),
('7','omnis'),
('2','quis'),
('10','voluptas'); 


DROP TABLE IF EXISTS `friend_requests`;
CREATE TABLE `friend_requests` (
  `initiator_user_id` bigint(20) unsigned NOT NULL,
  `target_user_id` bigint(20) unsigned NOT NULL,
  `status` enum('requested','approved','unfriended','declined') COLLATE utf8_unicode_ci DEFAULT NULL,
  `requested_at` datetime DEFAULT current_timestamp(),
  `updated_at` datetime DEFAULT NULL ON UPDATE current_timestamp(),
  PRIMARY KEY (`initiator_user_id`,`target_user_id`),
  KEY `initiator_user_id` (`initiator_user_id`),
  KEY `target_user_id` (`target_user_id`),
  CONSTRAINT `friend_requests_ibfk_1` FOREIGN KEY (`initiator_user_id`) REFERENCES `users` (`id`),
  CONSTRAINT `friend_requests_ibfk_2` FOREIGN KEY (`target_user_id`) REFERENCES `users` (`id`)
) ENGINE=InnoDB DEFAULT CHARSET=utf8 COLLATE=utf8_unicode_ci;

INSERT INTO `friend_requests` VALUES ('1','1','unfriended','1999-08-09 14:32:32','2005-12-11 14:01:35'),
('2','2','requested','1995-10-31 21:06:59','1997-11-19 00:10:48'),
('3','3','unfriended','1987-12-16 10:49:13','1972-12-17 04:26:11'),
('4','4','declined','1970-06-24 01:43:24','1983-05-16 20:31:22'),
('5','5','unfriended','2002-04-11 04:25:31','1983-08-13 00:00:31'),
('6','6','requested','1981-10-23 04:44:38','2006-04-18 11:47:39'),
('7','7','declined','1971-02-18 05:51:51','1991-03-08 21:33:06'),
('8','8','unfriended','1985-03-04 07:08:53','2009-12-16 03:12:45'),
('9','9','unfriended','2013-08-26 16:51:42','1976-10-23 13:37:49'),
('10','10','requested','2001-03-09 14:53:26','1995-10-27 08:14:50'),
('11','11','declined','2016-03-22 21:23:03','1999-11-21 06:54:21'),
('12','12','approved','1998-02-20 23:11:40','1971-03-11 06:25:47'),
('13','13','declined','2007-06-04 21:58:33','1978-03-28 06:01:17'),
('14','14','requested','1975-02-24 04:20:02','1971-08-03 13:21:04'),
('15','15','declined','2004-02-22 11:55:17','1984-04-13 00:38:32'),
('16','16','unfriended','1976-10-05 01:41:10','2013-01-26 22:18:48'),
('17','17','approved','2001-08-28 17:00:24','1991-06-03 19:34:26'),
('18','18','unfriended','1996-08-21 00:12:28','2000-10-11 17:10:22'),
('19','19','requested','2004-06-27 21:36:30','2010-10-22 03:40:30'),
('20','20','declined','2001-08-16 02:47:25','2000-08-08 08:58:14'),
('21','21','declined','2015-01-26 11:57:15','2008-11-10 11:28:13'),
('22','22','requested','1978-09-23 06:47:03','2000-09-17 04:24:37'),
('23','23','approved','1979-05-28 20:10:38','2013-11-19 17:15:44'),
('24','24','declined','1973-01-07 14:36:05','2012-03-02 00:35:18'),
('25','25','declined','1993-01-19 04:17:37','1988-10-04 05:03:50'),
('26','26','requested','1982-08-06 06:17:54','1989-07-04 18:15:32'),
('27','27','approved','1998-06-27 18:15:16','1988-03-16 15:03:47'),
('28','28','unfriended','1982-09-30 01:42:19','1999-11-26 16:40:49'),
('29','29','approved','2008-12-04 07:12:27','1979-10-14 08:37:02'),
('30','30','declined','2001-01-06 16:04:01','2015-07-08 09:02:20'),
('31','31','requested','1995-08-01 07:03:28','2000-02-20 20:20:49'),
('32','32','requested','2010-07-13 20:19:58','1977-09-24 15:27:46'),
('33','33','unfriended','2017-07-27 06:05:43','1979-12-01 19:24:10'),
('34','34','approved','2011-02-02 13:52:11','2001-08-01 19:03:12'),
('35','35','declined','2004-04-13 18:24:35','2011-07-07 03:58:47'),
('36','36','declined','1997-12-27 16:01:41','1982-10-01 17:26:15'),
('37','37','declined','1981-12-31 08:20:44','2008-09-02 14:47:03'),
('38','38','approved','2012-04-18 04:23:01','1992-04-04 15:55:12'),
('39','39','approved','1972-01-01 11:07:49','1981-12-02 04:44:16'),
('40','40','declined','1992-12-21 18:24:30','2004-11-25 21:38:13'),
('41','41','requested','2000-07-03 22:28:17','1995-11-27 15:22:45'),
('42','42','approved','2013-01-09 06:18:16','1971-07-29 09:34:56'),
('43','43','approved','2018-01-31 06:47:00','2004-02-26 06:23:48'),
('44','44','declined','2015-07-14 14:23:53','2019-12-07 10:53:32'),
('45','45','declined','2002-05-11 12:32:10','1971-07-02 20:26:42'),
('46','46','approved','1999-04-05 21:50:52','1979-01-25 01:19:10'),
('47','47','requested','2017-10-26 15:01:40','1977-02-19 02:46:25'),
('48','48','approved','2006-06-24 01:50:47','1992-04-20 09:52:56'),
('49','49','unfriended','1972-10-13 02:40:06','1984-01-01 11:52:23'),
('50','50','declined','1980-04-30 02:22:21','1981-05-30 01:57:27'),
('51','51','requested','1997-05-27 17:57:29','1992-09-05 05:54:42'),
('52','52','requested','2019-03-20 21:49:13','1997-12-27 05:47:36'),
('53','53','declined','1972-08-04 20:03:46','2016-09-10 21:23:21'),
('54','54','declined','1991-10-06 21:30:26','1986-11-23 23:22:16'),
('55','55','unfriended','1987-12-29 08:35:47','2010-05-24 23:13:05'),
('56','56','declined','2016-11-19 14:04:04','1993-11-03 18:53:19'),
('57','57','declined','1992-08-17 23:52:53','1998-08-16 02:09:55'),
('58','58','declined','1999-01-31 09:18:15','2012-09-25 10:58:51'),
('59','59','unfriended','1983-09-25 05:02:30','2008-10-01 15:24:13'),
('60','60','unfriended','1994-02-09 15:46:09','2013-09-17 13:26:34'),
('61','61','declined','1999-11-05 18:58:27','1976-04-27 01:28:43'),
('62','62','unfriended','1988-08-06 13:28:12','2017-06-16 07:30:13'),
('63','63','declined','1976-06-20 07:40:43','1990-05-27 02:25:05'),
('64','64','unfriended','2006-06-14 02:34:29','1999-11-26 21:49:58'),
('65','65','declined','2008-04-11 18:53:23','1971-11-17 23:22:19'),
('66','66','approved','2019-09-16 20:13:36','2001-09-04 06:33:23'),
('67','67','unfriended','2015-11-19 22:59:37','2019-01-25 06:29:33'),
('68','68','requested','1983-01-20 18:44:04','1982-11-23 04:11:24'),
('69','69','declined','1987-05-02 00:58:34','1994-10-23 20:49:33'),
('70','70','declined','2019-11-01 14:17:47','1970-03-26 21:59:52'),
('71','71','approved','1986-05-09 11:13:30','1970-09-11 10:14:47'),
('72','72','requested','2018-07-16 20:44:53','1982-04-26 04:28:45'),
('73','73','requested','2002-12-04 06:25:28','1998-10-02 01:40:34'),
('74','74','requested','2015-05-22 16:53:09','2003-07-29 14:02:50'),
('75','75','requested','1982-11-20 15:45:23','2000-05-17 23:57:24'),
('76','76','unfriended','1990-01-31 08:30:23','1981-02-26 22:44:26'),
('77','77','unfriended','2017-08-11 16:50:40','2005-08-18 22:36:05'),
('78','78','requested','2001-10-31 16:36:37','2009-01-28 18:58:35'),
('79','79','unfriended','2014-12-25 23:54:23','1971-03-21 17:39:54'),
('80','80','approved','1975-04-04 12:10:26','2019-12-22 15:06:10'),
('81','81','unfriended','1971-08-19 19:27:58','1973-02-08 00:35:25'),
('82','82','declined','1975-09-12 15:33:09','1972-07-16 16:12:04'),
('83','83','approved','2001-12-19 05:41:17','1992-10-16 00:10:06'),
('84','84','declined','1994-08-20 12:52:11','2011-10-27 22:55:10'),
('85','85','approved','1984-03-06 09:47:44','2006-09-30 06:45:21'),
('86','86','approved','2007-11-04 03:16:39','1974-05-21 04:10:14'),
('87','87','approved','2015-07-31 03:24:50','1998-11-30 09:18:38'),
('88','88','unfriended','2006-05-18 13:01:20','1994-05-29 17:53:39'),
('89','89','unfriended','1995-07-30 10:45:49','1975-07-18 20:15:19'),
('90','90','unfriended','1982-10-03 05:12:14','1972-11-19 17:21:01'),
('91','91','approved','1984-01-09 01:58:21','1989-09-07 21:12:57'),
('92','92','unfriended','2013-02-22 11:27:13','1975-02-03 15:25:23'),
('93','93','requested','2018-02-19 16:38:32','2013-11-10 20:34:11'),
('94','94','declined','1997-07-23 01:32:36','1979-11-23 21:59:56'),
('95','95','unfriended','2018-04-22 02:30:05','1987-06-30 05:16:35'),
('96','96','unfriended','2006-12-17 02:29:22','1987-03-29 22:05:18'),
('97','97','approved','2002-01-20 22:09:03','1985-10-04 02:14:10'),
('98','98','declined','1997-01-19 14:10:58','1975-12-13 11:25:30'),
('99','99','requested','1991-12-01 13:28:36','1997-09-27 10:36:55'),
('100','100','declined','2017-09-09 13:45:16','2008-08-31 23:40:02'); 


DROP TABLE IF EXISTS `likes`;
CREATE TABLE `likes` (
  `id` bigint(20) unsigned NOT NULL AUTO_INCREMENT,
  `user_id` bigint(20) unsigned NOT NULL,
  `media_id` bigint(20) unsigned NOT NULL,
  `created_at` datetime DEFAULT current_timestamp(),
  PRIMARY KEY (`id`),
  KEY `user_id` (`user_id`),
  KEY `media_id` (`media_id`),
  CONSTRAINT `likes_ibfk_1` FOREIGN KEY (`user_id`) REFERENCES `users` (`id`),
  CONSTRAINT `likes_ibfk_2` FOREIGN KEY (`media_id`) REFERENCES `media` (`id`)
) ENGINE=InnoDB AUTO_INCREMENT=501 DEFAULT CHARSET=utf8 COLLATE=utf8_unicode_ci;

INSERT INTO `likes` VALUES ('1','1','1','2019-03-23 20:56:17'),
('2','2','2','1976-06-13 04:47:44'),
('3','3','3','1991-01-19 06:30:09'),
('4','4','4','2000-08-01 23:54:32'),
('5','5','5','2019-07-24 08:52:02'),
('6','6','6','1971-04-21 23:37:46'),
('7','7','7','2013-06-19 05:05:54'),
('8','8','8','1974-09-09 14:32:59'),
('9','9','9','2000-10-25 00:06:30'),
('10','10','10','2005-01-13 23:33:27'),
('11','11','11','1972-03-03 18:58:40'),
('12','12','12','2013-07-09 16:47:19'),
('13','13','13','2004-01-31 11:52:15'),
('14','14','14','2018-12-01 00:20:08'),
('15','15','15','1998-08-26 20:56:17'),
('16','16','16','1990-03-05 05:11:50'),
('17','17','17','2004-12-04 15:48:48'),
('18','18','18','2002-03-16 03:18:45'),
('19','19','19','1985-02-20 07:59:25'),
('20','20','20','2004-06-30 11:59:05'),
('21','21','21','1977-02-08 05:33:19'),
('22','22','22','1977-05-24 10:34:45'),
('23','23','23','2001-04-02 18:28:20'),
('24','24','24','1982-11-09 08:44:13'),
('25','25','25','1986-02-07 22:34:01'),
('26','26','26','2007-11-29 00:06:21'),
('27','27','27','1988-06-22 13:06:37'),
('28','28','28','1988-02-04 21:34:09'),
('29','29','29','1981-12-04 20:56:14'),
('30','30','30','1970-01-30 18:52:36'),
('31','31','31','1999-09-20 01:25:44'),
('32','32','32','2019-12-16 21:28:08'),
('33','33','33','1999-11-16 15:16:24'),
('34','34','34','2003-01-20 14:06:06'),
('35','35','35','2018-05-23 12:40:13'),
('36','36','36','1997-03-24 23:27:52'),
('37','37','37','1972-11-06 11:56:43'),
('38','38','38','2019-07-07 21:05:22'),
('39','39','39','2010-02-23 23:08:35'),
('40','40','40','1997-05-22 07:32:06'),
('41','41','41','1982-06-10 13:47:42'),
('42','42','42','1976-11-03 10:04:26'),
('43','43','43','2016-10-29 13:46:13'),
('44','44','44','2019-04-17 00:39:09'),
('45','45','45','2009-05-04 11:11:03'),
('46','46','46','1974-10-16 06:03:58'),
('47','47','47','2018-04-16 10:48:56'),
('48','48','48','1971-01-08 06:56:57'),
('49','49','49','1999-05-02 23:53:34'),
('50','50','50','2001-06-28 05:24:22'),
('51','51','51','1970-02-17 20:13:31'),
('52','52','52','1989-02-09 17:12:11'),
('53','53','53','2019-08-07 09:27:51'),
('54','54','54','1990-02-09 23:39:28'),
('55','55','55','1998-03-18 09:18:34'),
('56','56','56','1992-10-28 11:34:46'),
('57','57','57','2018-05-22 03:33:05'),
('58','58','58','2000-01-14 23:30:47'),
('59','59','59','1974-11-06 03:29:18'),
('60','60','60','1975-04-22 20:12:12'),
('61','61','61','2013-04-26 08:15:40'),
('62','62','62','2006-02-14 06:54:42'),
('63','63','63','1997-07-17 15:20:53'),
('64','64','64','1978-08-27 14:35:00'),
('65','65','65','1980-04-28 14:22:23'),
('66','66','66','2005-04-21 00:06:41'),
('67','67','67','2007-08-05 12:28:03'),
('68','68','68','2013-11-24 17:13:34'),
('69','69','69','1983-06-13 14:13:56'),
('70','70','70','2004-07-30 15:11:26'),
('71','71','71','1992-04-22 02:08:12'),
('72','72','72','2010-04-08 20:38:35'),
('73','73','73','1983-05-01 11:16:16'),
('74','74','74','2008-10-27 11:52:37'),
('75','75','75','2019-06-04 15:42:24'),
('76','76','76','2002-06-14 03:06:28'),
('77','77','77','1992-02-11 14:09:11'),
('78','78','78','1992-07-29 13:41:37'),
('79','79','79','2015-05-22 05:42:10'),
('80','80','80','2011-03-01 17:04:57'),
('81','81','81','1978-02-17 04:14:17'),
('82','82','82','2005-11-14 13:58:14'),
('83','83','83','2012-10-11 12:09:32'),
('84','84','84','1978-05-15 07:36:03'),
('85','85','85','2012-07-22 22:49:34'),
('86','86','86','1976-05-27 23:43:34'),
('87','87','87','1997-11-23 02:38:29'),
('88','88','88','1995-11-06 20:57:22'),
('89','89','89','2015-08-18 23:21:00'),
('90','90','90','2003-07-02 08:18:23'),
('91','91','91','1973-11-26 03:36:25'),
('92','92','92','1979-12-13 21:11:31'),
('93','93','93','2016-02-21 20:37:22'),
('94','94','94','2006-07-20 04:26:37'),
('95','95','95','1997-07-29 09:10:24'),
('96','96','96','1986-06-10 02:55:40'),
('97','97','97','1977-09-01 13:28:25'),
('98','98','98','1971-02-24 08:42:04'),
('99','99','99','2017-05-13 14:30:52'),
('100','100','100','2007-06-15 00:30:52'),
('101','1','1','2007-08-31 16:15:56'),
('102','2','2','1985-03-06 02:36:39'),
('103','3','3','1991-05-22 21:41:16'),
('104','4','4','1991-11-30 03:53:53'),
('105','5','5','1994-05-25 00:11:04'),
('106','6','6','1992-07-09 19:18:03'),
('107','7','7','1970-01-04 13:27:11'),
('108','8','8','1990-07-02 18:53:15'),
('109','9','9','1992-02-03 04:22:11'),
('110','10','10','2008-05-13 17:44:19'),
('111','11','11','2005-05-12 00:51:17'),
('112','12','12','2018-10-20 14:07:52'),
('113','13','13','2019-06-06 07:25:47'),
('114','14','14','2019-11-15 06:20:15'),
('115','15','15','1999-03-31 21:12:03'),
('116','16','16','1984-07-27 13:55:55'),
('117','17','17','1976-08-28 17:45:16'),
('118','18','18','1989-03-14 15:44:14'),
('119','19','19','2006-04-25 18:03:32'),
('120','20','20','1993-06-26 06:52:05'),
('121','21','21','2013-04-20 22:17:21'),
('122','22','22','1999-01-09 16:42:32'),
('123','23','23','1975-10-19 19:00:18'),
('124','24','24','1996-05-16 04:29:53'),
('125','25','25','1985-12-25 15:43:34'),
('126','26','26','1990-06-26 15:36:43'),
('127','27','27','2011-07-02 10:41:27'),
('128','28','28','2014-02-21 17:17:39'),
('129','29','29','2020-01-10 00:28:24'),
('130','30','30','2006-02-23 08:28:43'),
('131','31','31','2012-07-29 04:42:32'),
('132','32','32','2007-01-21 12:49:57'),
('133','33','33','2011-03-16 20:46:38'),
('134','34','34','2019-11-10 18:25:47'),
('135','35','35','1983-05-04 01:16:44'),
('136','36','36','1974-01-29 05:46:30'),
('137','37','37','1992-01-28 11:26:26'),
('138','38','38','1992-05-04 20:36:15'),
('139','39','39','2008-03-11 15:34:45'),
('140','40','40','1981-06-23 03:36:29'),
('141','41','41','1992-07-18 12:18:05'),
('142','42','42','1994-01-06 10:59:06'),
('143','43','43','1991-08-16 23:13:03'),
('144','44','44','1992-08-24 23:15:48'),
('145','45','45','1991-03-23 21:20:53'),
('146','46','46','2005-04-06 19:03:53'),
('147','47','47','2002-11-15 13:14:42'),
('148','48','48','2004-04-10 11:51:21'),
('149','49','49','2005-04-12 05:30:44'),
('150','50','50','1974-05-24 16:17:13'),
('151','51','51','1973-05-13 00:01:09'),
('152','52','52','2004-09-09 18:54:47'),
('153','53','53','1979-11-06 16:24:52'),
('154','54','54','1991-08-09 16:22:48'),
('155','55','55','1978-11-05 05:57:09'),
('156','56','56','2002-12-27 02:58:09'),
('157','57','57','2008-10-28 03:02:16'),
('158','58','58','1973-02-15 03:50:49'),
('159','59','59','2016-11-23 13:47:03'),
('160','60','60','1980-05-27 04:24:28'),
('161','61','61','1986-04-15 13:06:27'),
('162','62','62','2003-06-21 01:28:37'),
('163','63','63','2012-07-30 19:21:18'),
('164','64','64','1978-09-21 15:52:17'),
('165','65','65','2016-03-16 06:15:30'),
('166','66','66','1970-05-06 01:30:34'),
('167','67','67','2003-06-04 12:40:19'),
('168','68','68','1983-01-27 03:31:41'),
('169','69','69','1980-07-11 15:57:40'),
('170','70','70','2016-07-26 16:03:20'),
('171','71','71','1989-12-27 21:43:28'),
('172','72','72','1975-07-01 02:21:11'),
('173','73','73','1979-06-03 19:25:49'),
('174','74','74','2013-07-17 08:57:42'),
('175','75','75','1993-07-15 09:11:06'),
('176','76','76','2005-05-29 16:12:47'),
('177','77','77','1989-10-14 17:17:06'),
('178','78','78','1994-04-24 22:47:57'),
('179','79','79','2004-10-05 17:11:00'),
('180','80','80','1998-10-19 04:57:45'),
('181','81','81','1993-07-05 18:25:21'),
('182','82','82','1997-09-09 18:06:53'),
('183','83','83','1997-05-19 03:04:59'),
('184','84','84','2005-05-09 18:59:59'),
('185','85','85','1985-10-10 04:11:17'),
('186','86','86','1998-02-16 03:34:08'),
('187','87','87','1986-10-12 00:20:04'),
('188','88','88','1983-04-28 12:05:09'),
('189','89','89','2008-03-17 09:18:34'),
('190','90','90','1977-06-25 18:57:18'),
('191','91','91','1990-01-23 19:10:48'),
('192','92','92','1991-08-07 15:29:43'),
('193','93','93','1996-11-30 23:58:03'),
('194','94','94','1999-05-04 08:00:49'),
('195','95','95','2008-06-25 13:34:06'),
('196','96','96','1992-10-07 03:02:36'),
('197','97','97','1994-04-24 16:50:31'),
('198','98','98','2004-10-26 05:33:26'),
('199','99','99','2018-02-06 12:09:52'),
('200','100','100','2001-04-02 13:53:46'),
('201','1','1','1991-11-18 12:58:59'),
('202','2','2','1985-06-03 22:44:39'),
('203','3','3','1976-07-15 02:53:55'),
('204','4','4','1975-02-05 11:49:28'),
('205','5','5','1970-12-24 18:15:51'),
('206','6','6','2011-08-01 02:26:53'),
('207','7','7','1991-04-03 01:08:51'),
('208','8','8','2016-07-28 22:08:35'),
('209','9','9','1974-04-11 12:21:29'),
('210','10','10','1990-03-20 14:47:18'),
('211','11','11','2012-04-02 20:37:03'),
('212','12','12','1998-06-16 20:27:08'),
('213','13','13','1972-08-09 15:29:16'),
('214','14','14','1995-12-29 17:06:28'),
('215','15','15','2007-12-22 14:34:43'),
('216','16','16','1996-09-14 02:02:23'),
('217','17','17','2011-12-01 12:52:32'),
('218','18','18','1995-12-21 05:29:06'),
('219','19','19','1975-07-28 17:50:57'),
('220','20','20','1975-03-18 01:44:20'),
('221','21','21','2009-10-14 01:34:31'),
('222','22','22','1976-08-10 10:38:37'),
('223','23','23','2019-12-22 12:54:54'),
('224','24','24','1988-07-29 14:48:50'),
('225','25','25','1996-02-20 05:42:22'),
('226','26','26','2009-04-16 20:22:29'),
('227','27','27','1974-12-16 09:09:25'),
('228','28','28','2017-06-06 05:23:21'),
('229','29','29','1985-11-07 06:26:32'),
('230','30','30','1974-02-20 22:17:17'),
('231','31','31','1987-06-09 08:48:46'),
('232','32','32','2014-06-09 06:28:57'),
('233','33','33','1975-10-17 10:15:16'),
('234','34','34','1984-09-28 02:48:39'),
('235','35','35','1976-09-27 14:07:09'),
('236','36','36','1989-03-22 03:00:00'),
('237','37','37','1989-02-12 15:17:51'),
('238','38','38','1995-04-25 21:55:00'),
('239','39','39','2000-01-30 00:08:14'),
('240','40','40','2019-06-26 18:09:04'),
('241','41','41','2007-05-29 09:10:45'),
('242','42','42','1981-02-13 04:18:16'),
('243','43','43','1976-09-03 18:55:30'),
('244','44','44','1986-03-27 21:40:56'),
('245','45','45','1990-07-25 14:37:27'),
('246','46','46','1997-03-12 19:07:51'),
('247','47','47','2001-02-14 01:08:36'),
('248','48','48','1972-01-14 14:48:44'),
('249','49','49','1981-08-03 10:12:47'),
('250','50','50','1985-09-29 04:50:06'),
('251','51','51','2003-08-11 01:12:34'),
('252','52','52','1982-11-28 21:42:24'),
('253','53','53','1986-05-14 02:35:22'),
('254','54','54','2006-06-04 00:13:08'),
('255','55','55','2012-02-18 18:38:41'),
('256','56','56','1985-02-12 16:11:48'),
('257','57','57','2006-12-17 12:23:55'),
('258','58','58','1972-10-10 11:42:18'),
('259','59','59','2001-07-29 12:07:32'),
('260','60','60','2018-03-18 23:47:54'),
('261','61','61','2015-11-26 12:58:40'),
('262','62','62','1991-07-17 16:05:41'),
('263','63','63','2003-08-01 23:22:03'),
('264','64','64','2010-08-28 12:25:35'),
('265','65','65','1976-10-29 05:31:25'),
('266','66','66','2009-09-25 12:42:49'),
('267','67','67','1993-04-07 09:48:39'),
('268','68','68','2016-04-27 19:25:48'),
('269','69','69','2012-02-14 06:16:31'),
('270','70','70','2006-06-01 07:19:14'),
('271','71','71','2011-11-29 11:25:55'),
('272','72','72','1997-12-18 08:22:40'),
('273','73','73','1996-03-03 08:40:59'),
('274','74','74','2007-10-18 10:40:04'),
('275','75','75','2002-11-16 13:09:00'),
('276','76','76','1981-01-19 21:30:31'),
('277','77','77','1991-07-13 04:11:50'),
('278','78','78','1981-12-30 18:10:33'),
('279','79','79','2001-06-28 10:00:24'),
('280','80','80','2011-09-21 05:19:51'),
('281','81','81','1978-03-18 20:29:32'),
('282','82','82','1979-01-30 22:33:59'),
('283','83','83','1994-02-07 00:54:47'),
('284','84','84','2017-09-05 02:06:20'),
('285','85','85','2004-02-15 21:26:07'),
('286','86','86','1981-03-01 22:31:59'),
('287','87','87','2008-02-16 16:19:06'),
('288','88','88','1999-03-25 23:59:49'),
('289','89','89','1993-10-02 00:47:18'),
('290','90','90','1999-10-08 17:05:02'),
('291','91','91','2019-12-13 14:48:26'),
('292','92','92','2004-02-19 23:15:22'),
('293','93','93','1981-02-21 09:11:33'),
('294','94','94','1979-11-20 19:46:19'),
('295','95','95','1970-10-17 10:11:10'),
('296','96','96','1986-09-04 10:05:15'),
('297','97','97','2018-09-20 07:38:30'),
('298','98','98','2011-09-21 06:34:18'),
('299','99','99','2011-08-10 20:22:31'),
('300','100','100','2017-01-07 05:32:03'),
('301','1','1','2011-03-24 14:39:52'),
('302','2','2','1993-04-07 08:03:44'),
('303','3','3','2013-08-01 09:17:52'),
('304','4','4','2008-09-10 06:01:13'),
('305','5','5','1996-07-04 22:26:00'),
('306','6','6','1997-12-09 20:54:48'),
('307','7','7','1997-12-25 15:53:18'),
('308','8','8','2002-08-23 09:43:16'),
('309','9','9','1972-04-24 04:17:32'),
('310','10','10','1973-03-26 00:52:29'),
('311','11','11','1994-08-09 17:40:51'),
('312','12','12','2010-04-13 12:36:01'),
('313','13','13','2005-11-10 11:09:55'),
('314','14','14','1978-03-27 23:08:49'),
('315','15','15','1999-02-11 21:58:50'),
('316','16','16','2020-01-18 05:03:54'),
('317','17','17','1982-10-05 21:40:59'),
('318','18','18','1993-11-24 14:49:33'),
('319','19','19','1989-11-04 14:30:56'),
('320','20','20','1983-06-08 11:17:48'),
('321','21','21','2020-02-26 00:44:53'),
('322','22','22','1978-08-02 07:29:37'),
('323','23','23','2019-07-22 11:31:50'),
('324','24','24','2010-04-06 18:55:23'),
('325','25','25','2018-05-20 06:53:14'),
('326','26','26','1998-11-10 20:25:39'),
('327','27','27','1984-02-22 14:57:58'),
('328','28','28','1972-09-07 10:10:33'),
('329','29','29','1995-06-16 21:52:54'),
('330','30','30','1989-05-31 20:00:58'),
('331','31','31','2011-02-20 02:36:37'),
('332','32','32','1986-05-06 12:34:01'),
('333','33','33','1984-01-18 06:46:02'),
('334','34','34','1986-12-29 17:18:06'),
('335','35','35','2007-08-14 11:03:27'),
('336','36','36','2019-02-21 02:37:01'),
('337','37','37','2013-11-29 01:57:19'),
('338','38','38','1975-02-21 01:43:57'),
('339','39','39','2014-10-18 04:12:19'),
('340','40','40','1995-08-18 04:49:00'),
('341','41','41','1999-08-25 07:35:47'),
('342','42','42','1982-06-02 01:21:24'),
('343','43','43','1970-05-22 23:59:18'),
('344','44','44','1977-03-25 19:19:28'),
('345','45','45','2014-05-31 00:38:58'),
('346','46','46','2015-08-06 18:48:21'),
('347','47','47','2017-01-18 22:34:03'),
('348','48','48','1981-12-31 15:33:54'),
('349','49','49','2007-01-23 22:16:43'),
('350','50','50','2009-11-08 09:16:57'),
('351','51','51','2001-09-16 00:20:48'),
('352','52','52','1993-12-14 10:16:10'),
('353','53','53','2015-09-15 18:23:25'),
('354','54','54','1991-07-08 15:09:06'),
('355','55','55','2017-08-06 22:06:46'),
('356','56','56','1992-02-27 19:30:03'),
('357','57','57','2017-03-30 17:41:03'),
('358','58','58','1992-09-05 18:24:54'),
('359','59','59','1992-06-17 23:06:23'),
('360','60','60','1970-12-23 12:58:47'),
('361','61','61','1980-06-07 12:46:11'),
('362','62','62','1983-01-30 08:00:18'),
('363','63','63','1994-10-28 23:19:05'),
('364','64','64','2006-05-28 23:06:13'),
('365','65','65','1984-02-08 05:32:40'),
('366','66','66','1974-10-22 16:57:09'),
('367','67','67','2015-10-17 18:24:07'),
('368','68','68','1999-08-26 00:06:52'),
('369','69','69','2014-12-26 19:06:50'),
('370','70','70','2015-05-18 03:44:55'),
('371','71','71','1977-01-24 04:28:54'),
('372','72','72','2005-04-03 03:21:41'),
('373','73','73','1975-01-23 09:04:47'),
('374','74','74','1989-03-06 11:18:23'),
('375','75','75','1996-04-20 07:44:56'),
('376','76','76','1973-03-30 18:41:19'),
('377','77','77','2005-12-08 05:28:05'),
('378','78','78','2003-05-23 08:08:11'),
('379','79','79','1995-04-28 00:12:37'),
('380','80','80','1990-11-20 21:13:14'),
('381','81','81','1981-08-12 04:57:33'),
('382','82','82','2013-12-23 06:14:03'),
('383','83','83','1981-04-09 11:48:29'),
('384','84','84','2019-03-30 17:15:09'),
('385','85','85','2003-08-30 18:05:35'),
('386','86','86','2019-03-12 10:39:24'),
('387','87','87','1984-08-21 19:30:51'),
('388','88','88','1977-10-14 01:15:07'),
('389','89','89','1990-01-10 13:15:24'),
('390','90','90','1975-11-07 00:16:33'),
('391','91','91','1970-02-10 13:39:38'),
('392','92','92','2011-12-08 18:11:24'),
('393','93','93','2018-12-12 08:42:48'),
('394','94','94','2017-07-13 23:28:45'),
('395','95','95','1990-10-07 06:08:42'),
('396','96','96','2006-04-19 00:07:43'),
('397','97','97','2019-02-13 17:22:11'),
('398','98','98','1991-10-06 02:41:36'),
('399','99','99','2003-10-03 11:25:23'),
('400','100','100','2013-07-08 20:24:32'),
('401','1','1','1976-02-03 16:22:34'),
('402','2','2','2005-10-05 11:13:19'),
('403','3','3','2016-10-16 07:54:54'),
('404','4','4','1974-04-19 16:58:48'),
('405','5','5','2011-02-12 08:24:46'),
('406','6','6','2014-02-06 04:20:50'),
('407','7','7','2005-03-08 16:50:01'),
('408','8','8','2005-03-01 15:21:22'),
('409','9','9','1998-08-15 19:13:23'),
('410','10','10','2002-10-21 16:57:49'),
('411','11','11','1972-12-12 00:44:58'),
('412','12','12','1991-09-21 18:55:47'),
('413','13','13','2011-11-18 20:57:33'),
('414','14','14','1976-03-29 21:31:22'),
('415','15','15','2013-07-10 06:03:05'),
('416','16','16','1988-10-19 19:21:11'),
('417','17','17','2020-03-17 13:59:32'),
('418','18','18','2010-03-04 22:06:41'),
('419','19','19','1972-03-16 18:34:47'),
('420','20','20','2009-11-12 21:41:17'),
('421','21','21','1996-01-08 06:20:05'),
('422','22','22','1972-06-19 11:39:56'),
('423','23','23','1992-03-05 11:44:23'),
('424','24','24','1981-09-15 07:45:51'),
('425','25','25','1993-07-15 18:15:27'),
('426','26','26','1992-09-04 06:56:22'),
('427','27','27','1997-08-19 07:27:49'),
('428','28','28','2007-10-31 00:26:19'),
('429','29','29','1970-08-25 06:15:32'),
('430','30','30','2005-02-24 09:40:44'),
('431','31','31','1975-11-21 12:37:25'),
('432','32','32','2018-05-06 03:25:44'),
('433','33','33','2016-01-13 13:14:54'),
('434','34','34','1987-04-11 21:13:25'),
('435','35','35','2018-01-16 18:31:58'),
('436','36','36','1999-07-05 15:30:48'),
('437','37','37','2013-10-15 05:17:57'),
('438','38','38','2013-11-29 18:23:54'),
('439','39','39','2004-03-18 12:36:10'),
('440','40','40','2019-01-17 18:32:02'),
('441','41','41','2007-07-12 04:00:42'),
('442','42','42','1971-05-05 00:43:58'),
('443','43','43','1981-02-03 23:33:44'),
('444','44','44','1995-08-29 18:57:36'),
('445','45','45','1982-03-15 07:25:18'),
('446','46','46','1970-05-16 16:29:09'),
('447','47','47','1995-12-06 15:44:28'),
('448','48','48','1973-11-26 15:24:53'),
('449','49','49','1993-02-18 00:04:31'),
('450','50','50','2005-12-10 09:39:31'),
('451','51','51','1978-11-02 12:45:32'),
('452','52','52','1997-05-20 04:51:52'),
('453','53','53','2018-04-03 02:01:04'),
('454','54','54','2000-05-13 13:09:22'),
('455','55','55','2020-01-07 10:04:17'),
('456','56','56','1978-03-07 17:49:15'),
('457','57','57','1978-09-02 03:50:27'),
('458','58','58','2009-01-24 23:22:50'),
('459','59','59','2006-10-22 05:55:00'),
('460','60','60','2005-05-06 02:36:54'),
('461','61','61','1977-12-12 11:50:26'),
('462','62','62','1971-04-02 09:23:35'),
('463','63','63','1977-08-02 22:28:17'),
('464','64','64','2018-11-03 07:39:54'),
('465','65','65','2006-06-19 07:01:12'),
('466','66','66','1975-08-05 02:58:54'),
('467','67','67','1972-01-04 22:09:38'),
('468','68','68','1987-04-13 03:03:18'),
('469','69','69','1997-03-06 13:46:09'),
('470','70','70','1999-11-16 11:33:11'),
('471','71','71','1992-01-06 05:01:29'),
('472','72','72','1998-02-14 07:30:00'),
('473','73','73','1993-10-28 12:09:19'),
('474','74','74','2009-12-05 04:26:23'),
('475','75','75','1996-03-04 19:41:07'),
('476','76','76','1989-09-13 15:48:44'),
('477','77','77','2001-03-02 08:29:41'),
('478','78','78','2000-01-18 07:27:41'),
('479','79','79','1975-07-27 11:38:15'),
('480','80','80','1989-07-24 11:45:00'),
('481','81','81','1981-01-17 17:15:08'),
('482','82','82','2007-11-01 07:04:47'),
('483','83','83','2006-12-28 07:46:03'),
('484','84','84','1982-02-26 16:45:07'),
('485','85','85','1978-03-26 03:20:55'),
('486','86','86','1994-02-11 11:36:35'),
('487','87','87','1978-09-20 09:12:49'),
('488','88','88','2013-04-23 13:31:50'),
('489','89','89','1999-04-01 06:28:48'),
('490','90','90','2006-02-01 15:43:54'),
('491','91','91','1987-02-25 13:43:34'),
('492','92','92','1982-03-27 19:35:11'),
('493','93','93','1974-12-16 13:57:14'),
('494','94','94','2017-06-19 22:09:56'),
('495','95','95','1970-12-09 22:51:17'),
('496','96','96','1976-11-09 01:21:25'),
('497','97','97','1999-04-26 23:36:36'),
('498','98','98','2010-03-31 19:45:13'),
('499','99','99','1987-07-04 21:14:43'),
('500','100','100','1999-06-11 20:35:51'); 


DROP TABLE IF EXISTS `media`;
CREATE TABLE `media` (
  `id` bigint(20) unsigned NOT NULL AUTO_INCREMENT,
  `media_type_id` bigint(20) unsigned NOT NULL,
  `user_id` bigint(20) unsigned NOT NULL,
  `body` text COLLATE utf8_unicode_ci DEFAULT NULL,
  `filename` varchar(255) COLLATE utf8_unicode_ci DEFAULT NULL,
  `size` int(11) DEFAULT NULL,
  `metadata` longtext CHARACTER SET utf8mb4 COLLATE utf8mb4_bin DEFAULT NULL,
  `created_at` datetime DEFAULT current_timestamp(),
  `updated_at` datetime DEFAULT current_timestamp() ON UPDATE current_timestamp(),
  PRIMARY KEY (`id`),
  KEY `user_id` (`user_id`),
  KEY `media_type_id` (`media_type_id`),
  CONSTRAINT `media_ibfk_1` FOREIGN KEY (`user_id`) REFERENCES `users` (`id`),
  CONSTRAINT `media_ibfk_2` FOREIGN KEY (`media_type_id`) REFERENCES `media_types` (`id`)
) ENGINE=InnoDB AUTO_INCREMENT=101 DEFAULT CHARSET=utf8 COLLATE=utf8_unicode_ci;

INSERT INTO `media` VALUES ('1','1','1','Doloremque non sit facilis sint ut id. Odio libero et commodi voluptatibus nemo explicabo. Qui amet labore eos asperiores qui fuga.','voluptatem','4573382',NULL,'1976-10-01 20:10:48','2009-10-05 22:57:16'),
('2','2','2','Sed in iusto modi incidunt vitae nisi odio. Est illo placeat quo minima praesentium laborum iusto. Est et deserunt rem fugiat corrupti vel in saepe.','voluptas','41',NULL,'1975-11-02 10:28:13','1984-04-05 08:23:25'),
('3','3','3','Vero doloremque molestiae similique veritatis. Consequatur veritatis quia sit fugiat occaecati quo. Ut numquam nemo cupiditate quisquam vel quis. Velit quas dolores et assumenda repudiandae sequi quia.','aut','654500620',NULL,'1989-06-18 21:06:12','1984-12-07 21:43:18'),
('4','4','4','Quaerat recusandae nemo cupiditate consequatur nemo repellendus sit. Quasi id voluptatem impedit quibusdam cupiditate. Doloremque laboriosam sit quo ipsum dolore autem autem.','aut','225',NULL,'1986-05-21 15:58:02','2011-09-03 19:23:31'),
('5','5','5','Et consectetur dolor maiores voluptas itaque. Placeat rerum illum modi qui consequatur ipsam sequi. Quo iste aspernatur voluptatum. Dolor impedit tempore dignissimos excepturi aut.','veniam','339450',NULL,'1986-04-01 07:08:12','1982-12-11 21:01:40'),
('6','6','6','Illum quia dolorem maxime vitae. Sequi a provident maxime corporis vel porro. Doloremque nam qui quam ut vero. Quis exercitationem ea fugit voluptas.','exercitationem','16788485',NULL,'1995-07-18 20:50:20','1993-01-01 08:46:17'),
('7','7','7','Officiis non repellat dolorem dolor. Reprehenderit vel sequi libero saepe. Qui aut laborum optio eum sit et quos.','blanditiis','96142',NULL,'1986-06-22 12:26:01','1983-08-16 10:43:04'),
('8','8','8','Dicta voluptas eos dolor nulla itaque. Neque doloribus in earum exercitationem. Tempora est odit sit autem et. Porro amet earum ut eaque temporibus dolorum.','libero','772204515',NULL,'2003-05-24 14:56:52','1985-02-25 21:18:42'),
('9','9','9','Autem officia labore iusto et aut consequuntur consequatur. Labore nemo ea minus autem. Beatae odio sit molestiae vero.','sunt','0',NULL,'2002-07-05 11:44:31','1976-04-12 17:47:34'),
('10','10','10','Et porro eum beatae consequatur asperiores maiores est. Amet blanditiis ut quia eveniet. Enim saepe tempora est assumenda voluptas facilis.','molestias','3',NULL,'1982-05-23 23:49:32','1992-10-31 02:01:42'),
('11','1','11','Voluptas quod aut deleniti ut blanditiis corrupti. Aut totam eos in eaque repellendus ad. Vitae dolorem odit voluptatem iusto temporibus sed sed aliquam. Autem nesciunt occaecati labore velit illum soluta rerum.','nisi','844995078',NULL,'2017-06-10 02:52:45','1989-02-28 08:40:27'),
('12','2','12','Voluptate quod consequuntur id quo recusandae. Molestias itaque repellendus nostrum delectus. Omnis rerum suscipit voluptatem tempore delectus odio.','qui','298325',NULL,'2013-06-11 02:24:15','1983-07-04 19:42:34'),
('13','3','13','Est quia qui provident tempora quisquam culpa. Quos quasi magni enim. Nulla nostrum ex optio est eius.','doloremque','0',NULL,'2009-09-10 15:11:48','2013-07-01 06:47:14'),
('14','4','14','Ut rerum ducimus eaque rem. Non ex dicta atque ut aperiam recusandae sunt. Sed impedit deleniti cumque qui. Atque voluptas ex odio quis quas aut.','aut','679',NULL,'2017-09-09 20:06:56','1972-12-24 21:03:12'),
('15','5','15','Quo soluta et tempora necessitatibus. Aspernatur reprehenderit consequuntur cupiditate et. Provident rerum dolores aut consequatur ut dolor voluptas. Velit illum consequatur doloremque quod eos.','architecto','7538119',NULL,'2010-02-17 08:36:33','2004-12-02 18:58:21'),
('16','6','16','Odit vitae in ipsam iusto culpa est. Aut aut assumenda nulla dolor. Quia quidem ea sit est mollitia. Molestiae quia tempore dolores ipsum doloribus illo occaecati.','veniam','503261815',NULL,'2002-12-29 10:43:13','1979-06-20 05:06:31'),
('17','7','17','Sit dolores cupiditate nihil vel quidem et. Nesciunt nam eum nostrum perspiciatis earum facere iste necessitatibus. Consequuntur earum vitae ut aperiam et doloribus.','adipisci','2',NULL,'1975-04-14 14:22:48','1986-06-13 17:06:52'),
('18','8','18','Repellat ut et voluptas quia. Nostrum quis sapiente quia aliquam cupiditate fuga odio. Pariatur id saepe repellat aut. Est quia sit maiores corrupti ducimus animi.','velit','74471012',NULL,'2019-01-18 17:28:03','2005-06-05 11:11:38'),
('19','9','19','Numquam perspiciatis adipisci qui. Laudantium voluptas qui sit ea autem.','cumque','434',NULL,'1987-12-19 07:44:09','1972-04-19 11:26:50'),
('20','10','20','Voluptas consequatur qui corrupti aperiam. Minus omnis ullam quibusdam accusamus eum. Sunt qui commodi aut minus.','suscipit','52376532',NULL,'1997-04-14 03:07:27','1971-10-03 00:57:41'),
('21','1','21','Animi dolor non provident minus. Ex at nihil quae quo deleniti. Vel ea excepturi nostrum nisi voluptatem eos. Corrupti voluptatum ut exercitationem exercitationem voluptate tempore.','accusamus','698',NULL,'1990-09-04 00:55:42','1972-03-24 08:34:04'),
('22','2','22','Officia cumque voluptatem sit. Mollitia odit nostrum quia quas sapiente asperiores fuga. Sapiente autem enim fugiat dolorum ea voluptatem. Rerum aliquid quasi aut omnis beatae.','nobis','286166',NULL,'1975-01-05 14:15:18','1991-11-15 07:34:06'),
('23','3','23','Deleniti velit sed enim illum. Nisi hic blanditiis repellendus.','aut','931841773',NULL,'2011-03-14 09:57:22','1998-04-06 21:27:30'),
('24','4','24','Cupiditate rerum nihil accusamus molestiae. Quaerat sed corrupti necessitatibus. Voluptas alias occaecati odio sunt consectetur quod ratione. Ratione omnis molestiae delectus dolores doloribus.','quibusdam','3',NULL,'1998-09-25 04:39:22','1971-08-16 23:47:08'),
('25','5','25','Sed ad id ut deserunt perferendis iure. Voluptates quod animi est itaque officia. Est ratione voluptatem corrupti similique corrupti facilis.','molestiae','94',NULL,'2017-07-19 23:56:54','2018-02-23 19:18:47'),
('26','6','26','Autem voluptatibus nisi sint doloremque. Rerum tempora culpa omnis et. Qui quia fuga facilis placeat velit quo.','error','89',NULL,'2010-12-17 02:50:44','2002-12-13 11:21:27'),
('27','7','27','Non quod qui vitae et. Et qui tempore et sed consequatur a perferendis. Necessitatibus earum omnis et aliquam.','non','942844',NULL,'1979-12-24 03:37:36','2005-04-23 16:30:17'),
('28','8','28','Sit suscipit qui perspiciatis ut veniam tempore. Doloribus dolorem alias laudantium et non quae.','vitae','30751197',NULL,'2001-09-13 09:59:04','1972-04-09 23:06:40'),
('29','9','29','Omnis ratione est ut atque et eaque quod. Optio sequi dolor dolore rem pariatur ducimus est provident. Ea vero quo sed nisi quia ut rem.','beatae','353100',NULL,'1987-02-27 12:43:55','1977-05-26 15:25:11'),
('30','10','30','At dolorem cum esse quis magni sit. Beatae qui cum officia sapiente est. Voluptate corporis eaque repudiandae aut. Mollitia eius illo cupiditate ut alias.','id','86584',NULL,'1988-05-12 10:28:03','1995-03-22 14:39:02'),
('31','1','31','Reiciendis impedit eaque velit. Atque maiores omnis fugiat nesciunt ullam sunt dolor voluptas. Ex ipsam maxime quia sit qui ut rem.','et','90558',NULL,'2019-01-21 08:47:32','1988-11-24 17:16:17'),
('32','2','32','In voluptates dolorum ducimus inventore a. Praesentium qui architecto quibusdam alias.','est','0',NULL,'2009-08-17 06:33:55','2005-11-07 21:38:47'),
('33','3','33','Expedita cumque minima et ex. Et id debitis beatae distinctio beatae. A illum dolorem ad dolorum dolorem delectus.','error','1837',NULL,'2014-02-01 02:08:43','2018-12-20 20:06:46'),
('34','4','34','Est rem occaecati rerum ut non est et explicabo. Quia sit quos ipsam quasi voluptates. Architecto et at voluptatem numquam eveniet ducimus. Debitis dolorum quisquam earum fugiat.','ab','6154',NULL,'2011-12-14 07:06:39','1984-02-29 13:57:20'),
('35','5','35','Rerum necessitatibus sequi pariatur fuga sapiente iusto facere. Eaque architecto similique est animi saepe. Rerum voluptatum beatae nisi placeat et. Aspernatur aut ea qui rerum omnis. Sed sed inventore praesentium aut molestiae.','velit','1',NULL,'2002-05-16 07:02:56','2012-11-11 00:43:34'),
('36','6','36','Sapiente fugit quaerat porro hic aut. Ut aliquid omnis culpa ut voluptate sequi voluptates. Quibusdam eos eum aut temporibus. Impedit laboriosam laboriosam natus laborum.','laudantium','387086681',NULL,'2009-09-06 21:52:35','2004-02-18 22:16:16'),
('37','7','37','Sint molestiae quia aut eligendi corporis sit hic. Repellendus sit dolore omnis non id id dolor.','rerum','319334',NULL,'1999-11-10 00:52:58','1985-02-05 22:12:07'),
('38','8','38','Dignissimos facere et aperiam laudantium et ducimus reiciendis. Fugiat laborum at repudiandae impedit. Voluptatem sunt corrupti iusto ratione sunt.','iste','3225048',NULL,'2011-10-02 07:47:12','2018-12-25 15:41:03'),
('39','9','39','Consequatur iure doloremque velit soluta. Ab accusantium occaecati ut voluptatem labore qui. Sapiente dolore dolores odio rerum quo sed consequatur. Quia ab libero sunt voluptatem suscipit dolorem nostrum.','voluptatibus','82672236',NULL,'2008-01-19 07:42:02','1994-03-17 11:30:45'),
('40','10','40','Ad ex omnis maiores cumque quis. Exercitationem aut ut atque magnam et voluptates consequatur. Dolores reprehenderit fugiat deleniti sint.','minus','0',NULL,'1985-08-04 10:13:05','2003-11-24 02:22:53'),
('41','1','41','Ipsa aut aperiam ut excepturi laborum explicabo fuga. Et aut ut qui dolorem. Nemo beatae consequatur qui vitae rerum id.','doloribus','0',NULL,'2007-02-18 19:40:00','1975-08-16 09:58:16'),
('42','2','42','Earum enim sint ratione odit. Velit voluptatibus illum doloremque reprehenderit quas omnis doloremque. Et totam aliquid nisi quia.','porro','5500338',NULL,'2014-12-16 18:34:16','2019-01-01 07:24:16'),
('43','3','43','Veritatis ut repudiandae beatae. A est est ratione. A distinctio nemo ad tempore nesciunt. Corporis temporibus ab occaecati reprehenderit voluptatibus.','excepturi','3298612',NULL,'2004-07-14 01:35:44','2001-01-08 06:55:44'),
('44','4','44','Doloremque qui corrupti qui voluptas officiis reiciendis. Voluptas enim est ullam quos facilis. Dolor cum voluptates aut. Voluptatem deleniti aut sit similique ea.','vero','92436',NULL,'1983-09-21 02:34:29','1983-12-27 05:37:42'),
('45','5','45','Quis et harum maiores nemo placeat tenetur sed. Sapiente temporibus mollitia nemo quo. Rerum perspiciatis non rerum ea est omnis molestiae.','vel','0',NULL,'1980-05-01 05:46:49','1980-08-03 16:38:58'),
('46','6','46','Porro sunt et corporis possimus error. Enim harum dignissimos doloremque eveniet dolor facilis.','perferendis','79068713',NULL,'1996-07-18 23:11:05','1977-06-27 05:06:54'),
('47','7','47','Saepe facere nesciunt dignissimos incidunt aut. Explicabo iste et eveniet illum alias. Est perspiciatis libero iusto aut eos perferendis quae. Quae voluptatibus soluta ut eos accusantium.','dolorem','28862',NULL,'2006-02-15 16:01:20','1990-01-21 07:31:32'),
('48','8','48','Vel delectus esse amet ipsam impedit. Quia consequatur praesentium corporis et quam modi ut. Aspernatur reiciendis illum voluptates exercitationem amet debitis nemo. Tempora illo a hic aut.','qui','79',NULL,'2008-03-12 00:02:51','2012-03-26 15:42:51'),
('49','9','49','Sit ut exercitationem dignissimos expedita ratione est. Sunt praesentium quasi sit id commodi explicabo. Explicabo autem ut impedit quos natus aut similique voluptatem. Facilis vitae sed modi excepturi id.','dignissimos','679',NULL,'2010-04-02 16:43:25','1993-02-15 02:57:29'),
('50','10','50','Aperiam et consectetur cupiditate dolore dolorem asperiores. Consectetur quidem perferendis ut omnis sequi. Enim in illum soluta labore qui in.','rem','0',NULL,'2007-12-17 22:20:10','1990-11-20 04:34:48'),
('51','1','51','Amet voluptatem rerum sint sunt quis sint hic deleniti. Aliquam et velit quod harum rerum.','illo','0',NULL,'1990-09-22 13:55:10','2016-11-14 11:27:43'),
('52','2','52','Quo ex numquam quos cum. Et magni ipsam culpa ut ullam culpa illo esse. Eum illo et tenetur id.','sint','5354209',NULL,'1987-08-14 12:31:18','1999-10-10 08:54:56'),
('53','3','53','Qui nihil voluptas dolorem pariatur. Dolores saepe culpa sapiente repudiandae. Ullam dolorum quod consequatur voluptatibus voluptatem. Aliquam voluptatibus a error enim ullam ducimus.','maxime','1',NULL,'1989-06-24 22:24:41','2013-04-09 17:36:34'),
('54','4','54','Consequatur fugit in necessitatibus. Ad ipsa est consectetur occaecati magni. Voluptas ipsa id ipsa. Impedit quae quo cum voluptatem rerum incidunt vitae.','sint','0',NULL,'2013-08-03 15:55:56','2020-02-14 04:46:48'),
('55','5','55','Maxime aut et ut ipsum. Et sed unde voluptas sequi pariatur corrupti. Nulla vero corrupti fugit cum harum aspernatur ea. Officia dolor temporibus impedit. Vel dolor est deleniti minima eius officiis possimus.','sunt','1295',NULL,'1987-03-26 06:49:47','1989-09-20 04:00:54'),
('56','6','56','Labore consequatur aperiam eum veritatis consequatur ducimus fuga. Officiis autem expedita at provident ut consequatur est est. Ut cupiditate labore ipsa quia. Asperiores fugit sint et.','et','0',NULL,'2015-01-28 21:02:05','2008-01-30 23:00:08'),
('57','7','57','Est nobis voluptatem quia. Sit modi voluptatem vitae dolor eligendi earum. Ipsa eligendi voluptatum perferendis ratione.','autem','99',NULL,'2005-05-20 12:32:30','1996-11-19 04:11:43'),
('58','8','58','Illum quod itaque autem quisquam quas. Minima voluptates rerum eveniet id sint et sed optio. Nihil temporibus aut perferendis iste et quae distinctio.','placeat','66',NULL,'1983-01-16 17:43:36','2005-07-27 21:07:54'),
('59','9','59','Unde totam quis harum fugit. Asperiores quas qui quisquam aut sapiente eveniet error. Et consectetur dolorem error doloremque illum.','consequatur','2',NULL,'2015-12-05 23:02:00','2016-01-11 03:58:41'),
('60','10','60','Eveniet eos possimus quia dolores. Doloremque non eos vero architecto nulla et quos ut. Qui aperiam non nihil voluptatem. Perferendis libero vero odit vel.','accusantium','14',NULL,'1996-01-26 14:51:58','1994-11-19 12:02:13'),
('61','1','61','Et cum placeat et est rerum totam. Eligendi voluptate eos iusto. Cum rerum quos corporis corrupti consequatur.','sed','400',NULL,'1975-12-19 12:18:49','2005-11-28 10:53:25'),
('62','2','62','Quas eos enim quia. Et odio libero accusantium. Animi at assumenda aut sed labore facere.','dicta','271136846',NULL,'1989-06-11 11:49:37','1976-03-29 07:04:12'),
('63','3','63','Reprehenderit esse suscipit velit. Distinctio et eos possimus quod accusamus. Reprehenderit sit blanditiis quam quidem aut distinctio.','omnis','5',NULL,'1982-04-28 17:26:43','2004-07-03 11:53:28'),
('64','4','64','Et eum qui dignissimos ea. Assumenda architecto itaque optio quis. Placeat dicta cum quia. Voluptatibus eos nobis quis asperiores qui culpa quo dolor.','facilis','84057552',NULL,'1981-02-24 16:25:23','1982-08-19 00:51:39'),
('65','5','65','Architecto et exercitationem voluptas deserunt recusandae eos. In suscipit occaecati quia ut suscipit ratione impedit commodi. Expedita et eum consequuntur placeat minima.','temporibus','1',NULL,'1982-07-14 10:39:35','2004-07-05 22:19:34'),
('66','6','66','Perspiciatis libero iure quidem molestias expedita dolorem. Error rerum rerum itaque nesciunt. Et amet sit et voluptas at quia. In assumenda voluptatum blanditiis qui et molestiae nemo.','minus','2530993',NULL,'1984-06-13 07:12:31','1994-01-22 00:30:25'),
('67','7','67','Velit veniam sit ea in. Quos voluptatum ut quod. Possimus perferendis aut nulla consectetur officiis quos quisquam.','et','671206',NULL,'2018-02-26 08:49:55','1980-11-21 23:04:17'),
('68','8','68','Dolore repudiandae provident voluptas ut modi a. Nesciunt hic voluptate et delectus facilis error temporibus. Et autem consequatur quod qui animi.','id','6',NULL,'1987-08-02 10:40:59','2012-03-20 15:31:56'),
('69','9','69','Architecto autem minima recusandae eveniet odio. Vel ut totam doloremque enim. Omnis ut et recusandae sed nam ipsam.','autem','6',NULL,'1993-11-28 08:54:23','2010-03-10 20:57:14'),
('70','10','70','Minus vel voluptate nihil consectetur dolorem dolorem. Consectetur ad consequuntur aperiam beatae natus rem. Quas et quod sunt explicabo.','aut','91',NULL,'2008-08-29 16:11:48','1998-06-23 07:15:08'),
('71','1','71','Ut quisquam amet sint exercitationem. Ducimus quibusdam modi quia labore accusantium ut. Quae similique consequatur voluptates autem. Quis nobis nemo voluptates sunt provident consectetur non. Omnis recusandae aut est est nihil quo.','aliquid','57',NULL,'2000-05-11 20:58:15','2004-04-20 00:49:42'),
('72','2','72','Voluptates suscipit ipsam natus. Nostrum autem a nisi voluptas voluptas distinctio quod. Enim aliquid quod non laudantium.','dolores','24',NULL,'2011-01-26 13:32:16','1973-02-26 12:58:06'),
('73','3','73','Harum adipisci nihil rerum quis tempore est. Quaerat esse sed sint. Aut expedita amet autem ullam.','dignissimos','53',NULL,'2000-12-09 09:05:20','2005-06-22 09:26:25'),
('74','4','74','Nihil dicta aut ut et. Aperiam rerum veniam et voluptatem nemo voluptatem. Excepturi unde ipsam et.','enim','442150278',NULL,'1988-12-12 08:57:17','1988-05-30 03:29:41'),
('75','5','75','Perspiciatis repudiandae corrupti id autem repudiandae sed minus repellendus. Recusandae architecto accusamus qui est eius ex modi. Suscipit enim quisquam porro molestiae consectetur dolor quia. Ut vel suscipit suscipit id consectetur neque sint consequatur.','est','95374444',NULL,'2016-05-08 19:05:52','2016-02-10 22:30:05'),
('76','6','76','At non quis voluptatem ullam nobis praesentium illum maxime. Aperiam consequuntur dolor eveniet.','autem','833946',NULL,'1973-01-19 18:26:29','2002-12-24 02:14:38'),
('77','7','77','Dolorem iste temporibus sed atque. Laboriosam qui ut ut tenetur placeat totam dolor. Quaerat eaque dolorem sed officiis. Sed quae pariatur labore ullam qui occaecati.','recusandae','19337',NULL,'1990-02-03 01:43:03','1972-06-22 22:08:42'),
('78','8','78','Hic eos labore ut sequi quas iusto dolor. Qui nisi quos non eaque. Similique aut eaque unde molestiae. Quod consequuntur nobis est ut et quo.','alias','0',NULL,'1995-08-16 08:05:05','1996-02-01 23:03:34'),
('79','9','79','Expedita aut suscipit deserunt molestiae iure aperiam. Incidunt vero esse omnis eligendi sed sed. Unde mollitia qui quia nulla adipisci qui quaerat. Molestias est quis officia quam ex.','et','342899',NULL,'1981-06-22 21:32:06','1981-07-25 03:29:31'),
('80','10','80','Praesentium voluptates unde quidem omnis quibusdam ipsum hic. Mollitia expedita totam et aut dicta officia.','qui','294',NULL,'2018-03-14 03:37:41','1994-10-25 22:57:36'),
('81','1','81','Tempora commodi cum sed incidunt. Asperiores quia nobis illum molestiae. Laboriosam distinctio et sit officia qui dolor. Aliquid at provident ipsa nemo.','sapiente','9',NULL,'1972-10-18 22:32:58','1976-09-28 05:07:36'),
('82','2','82','Temporibus rerum dolores ut earum eos pariatur dolorem. Quibusdam est mollitia vel eos et assumenda dicta. Harum et natus ut blanditiis quis.','quae','9',NULL,'2006-06-08 18:24:03','1988-03-17 19:02:10'),
('83','3','83','Nihil libero molestiae tempora enim error. Quidem dolorem omnis iste et ab. Atque in maxime quod doloribus aut nisi totam odio.','sed','3055639',NULL,'1976-03-13 17:09:35','2016-06-29 00:40:32'),
('84','4','84','Molestiae est quisquam quaerat. Fuga maiores atque doloribus in quis quae. Provident voluptatem et sint autem enim alias nobis. Commodi amet est fugit aut est aut perspiciatis.','velit','3',NULL,'1991-03-09 21:55:15','1982-11-16 00:59:58'),
('85','5','85','Ut commodi veniam magnam ex. Minima nihil officiis at vero. Molestiae quis est delectus quisquam quaerat.','voluptates','36262',NULL,'2006-07-10 05:05:23','1976-08-13 19:11:28'),
('86','6','86','Ipsam voluptatem dolor eos. Modi ullam dolorem quia voluptas. Optio ut consequatur quo tempora. Cupiditate eum voluptatem qui. Tempore nihil quidem porro optio sint nisi.','in','0',NULL,'2004-08-13 22:46:29','1989-08-12 17:02:02'),
('87','7','87','Voluptas accusamus ut in laboriosam ut. Beatae molestias sequi eum sed in nostrum. Et facilis officiis quasi excepturi ipsam eos ex.','qui','56921',NULL,'1974-01-27 14:14:44','2012-03-12 00:52:26'),
('88','8','88','Voluptas maiores quam adipisci distinctio laudantium et quod. Voluptas nobis ut reiciendis quis cupiditate. Autem quos magnam accusamus et sapiente consequuntur iure.','sed','1844',NULL,'2011-01-17 22:58:21','1979-10-30 22:37:41'),
('89','9','89','Quia fuga doloribus culpa aspernatur. Id aut qui facere quasi sit culpa vitae. Consequuntur corrupti beatae aut cupiditate dignissimos.','et','7',NULL,'1977-12-31 23:36:48','1995-01-17 13:38:16'),
('90','10','90','Tempora sint quis voluptates impedit. Officiis rerum rem dolor recusandae. Earum iusto et assumenda cum nesciunt quam. Itaque in impedit debitis est.','ullam','3',NULL,'1983-04-25 00:35:06','2011-10-04 19:49:39'),
('91','1','91','Fuga quisquam labore eveniet velit maxime. Nisi consequatur magnam delectus odit delectus ullam.','tempora','6629271',NULL,'2017-07-08 22:41:49','1998-10-16 04:57:16'),
('92','2','92','Earum autem possimus vero quo laudantium ex ut. Occaecati voluptate ut doloribus aliquam veritatis. Occaecati consequatur non consectetur et.','accusantium','8268',NULL,'1996-08-22 05:13:04','1980-01-03 21:07:59'),
('93','3','93','Reiciendis qui sed suscipit. Aut quia esse minima laboriosam labore voluptatibus suscipit. Optio minima magnam distinctio. Vitae sit libero enim eveniet asperiores totam corporis aperiam.','vel','86',NULL,'1976-08-26 13:24:02','2001-07-04 20:26:51'),
('94','4','94','Voluptatem qui ad atque dolor magnam nisi aut. Est mollitia voluptatum et rem necessitatibus et beatae. Corporis quo architecto necessitatibus officiis quo totam. Facilis aut id aperiam velit aperiam totam sint. Autem nihil consequatur officiis debitis.','dolores','390',NULL,'1970-02-01 09:27:24','2012-08-11 05:59:43'),
('95','5','95','Aut quasi et labore et nisi. Sapiente aut nostrum in.','qui','221285',NULL,'1977-04-03 19:39:39','2013-04-01 09:30:28'),
('96','6','96','Voluptas quasi dolores sit ut voluptatibus aut debitis. Ad quis et nihil. Sint debitis reiciendis sit voluptatem distinctio veniam. Aut iure tenetur fugiat error ex aut.','perspiciatis','1039',NULL,'2000-09-13 08:19:51','1984-02-21 09:32:15'),
('97','7','97','Repellendus minima at accusantium possimus. Iure fugit voluptatem et voluptas. Voluptatum aut molestias reprehenderit asperiores sed.','repellendus','1',NULL,'1980-06-11 14:24:43','2011-07-09 06:37:30'),
('98','8','98','Omnis ea qui quas inventore ab nihil. Aut amet eos qui illum omnis. Et tenetur qui porro omnis culpa vel cum. Nihil officiis ad ut sit.','est','32238',NULL,'1972-05-21 05:08:29','1985-01-11 16:52:07'),
('99','9','99','Ut velit sint doloribus suscipit. Velit ut velit accusamus enim minima praesentium rerum. Ut temporibus corrupti et quis dignissimos ut. Voluptatem dolores et qui.','nostrum','1595853',NULL,'2017-10-08 00:29:16','1975-07-12 10:42:06'),
('100','10','100','Ipsa totam deserunt quis soluta perferendis deserunt pariatur. Tenetur eum est blanditiis. Labore velit eos impedit.','ea','634628',NULL,'2011-10-02 22:34:14','2005-09-30 05:20:24'); 


DROP TABLE IF EXISTS `media_types`;
CREATE TABLE `media_types` (
  `id` bigint(20) unsigned NOT NULL AUTO_INCREMENT,
  `name` varchar(200) COLLATE utf8_unicode_ci DEFAULT NULL,
  `created_at` datetime DEFAULT current_timestamp(),
  `updated_at` datetime DEFAULT current_timestamp() ON UPDATE current_timestamp(),
  PRIMARY KEY (`id`)
) ENGINE=InnoDB AUTO_INCREMENT=11 DEFAULT CHARSET=utf8 COLLATE=utf8_unicode_ci;

INSERT INTO `media_types` VALUES ('1','distinctio','2013-08-02 22:18:39','1985-09-21 02:07:09'),
('2','quod','2003-09-01 10:13:58','1981-02-17 02:36:17'),
('3','aut','1977-04-05 04:38:00','1976-07-20 00:30:01'),
('4','repellat','2008-09-05 06:56:45','1985-05-16 05:59:57'),
('5','sit','1987-09-20 21:27:47','2009-12-28 16:08:16'),
('6','nisi','2004-04-02 10:27:55','2011-11-07 04:31:57'),
('7','culpa','1986-03-16 20:53:51','2014-02-17 15:58:49'),
('8','id','1988-05-16 21:35:24','1982-05-29 17:08:23'),
('9','ducimus','1972-01-30 06:14:22','1999-10-05 12:52:51'),
('10','qui','2012-01-17 09:33:20','1987-05-13 12:47:06'); 


DROP TABLE IF EXISTS `messages`;
CREATE TABLE `messages` (
  `id` bigint(20) unsigned NOT NULL AUTO_INCREMENT,
  `from_user_id` bigint(20) unsigned NOT NULL,
  `to_user_id` bigint(20) unsigned NOT NULL,
  `body` text COLLATE utf8_unicode_ci DEFAULT NULL,
  `created_at` datetime DEFAULT current_timestamp(),
  PRIMARY KEY (`id`),
  KEY `from_user_id` (`from_user_id`),
  KEY `to_user_id` (`to_user_id`),
  CONSTRAINT `messages_ibfk_1` FOREIGN KEY (`from_user_id`) REFERENCES `users` (`id`),
  CONSTRAINT `messages_ibfk_2` FOREIGN KEY (`to_user_id`) REFERENCES `users` (`id`)
) ENGINE=InnoDB AUTO_INCREMENT=101 DEFAULT CHARSET=utf8 COLLATE=utf8_unicode_ci;

INSERT INTO `messages` VALUES ('1','1','1','Temporibus doloremque sit laudantium reiciendis vitae autem. Architecto ullam blanditiis aut soluta magni. Ut ut ut temporibus aut consectetur. Aut voluptas molestias dolorem recusandae optio et nobis. Vitae natus est facilis enim quidem.','1971-12-19 11:28:41'),
('2','2','2','Est illum soluta enim aut incidunt laborum ut. Similique impedit aut itaque vel est voluptas eaque. Modi quia omnis illo eos quia dolorem. Ut id impedit blanditiis alias.','1975-06-15 10:39:00'),
('3','3','3','Ut possimus et cumque illo aperiam a aut. Qui aut quibusdam rerum magnam distinctio debitis et. Vel voluptatem suscipit labore.','2008-01-28 21:52:39'),
('4','4','4','Reiciendis atque voluptas sed voluptatem repudiandae asperiores. Vel maxime deserunt eaque quia voluptatem rerum. Ut enim ullam doloribus a quisquam molestias. Consequatur error totam velit tempora cumque. Rerum sunt aspernatur expedita asperiores eaque numquam et.','2004-12-11 09:34:57'),
('5','5','5','Doloribus nostrum tempore quae ut eum veritatis. Dolorem dicta fugit quo omnis. Corrupti adipisci aliquid et ut molestiae deserunt dicta. Atque mollitia eos magnam deserunt ullam iusto.','1983-03-11 03:39:08'),
('6','6','6','Cum velit nam eius fugiat sunt. Quibusdam animi facilis culpa explicabo et nihil eveniet. Deserunt totam illum fugiat eaque perferendis. Doloremque quisquam qui voluptatibus voluptatibus sit nihil.','1973-10-05 03:08:32'),
('7','7','7','Aliquam recusandae cumque et et. Cum expedita exercitationem et necessitatibus. Nihil fuga temporibus omnis vel similique necessitatibus repudiandae voluptate.','1999-07-22 18:46:39'),
('8','8','8','Sequi illo voluptatibus quae maxime ut sed. Voluptatem recusandae optio fugit magnam incidunt libero. Aliquid suscipit ipsam omnis corporis exercitationem vel nemo praesentium. Et qui non et natus quia fuga enim.','1988-01-19 11:04:00'),
('9','9','9','Nisi et consectetur illo et ratione et ut. Nisi iste corrupti repellat magni rerum. Maxime non et id unde quisquam totam cum.','1982-12-24 14:20:38'),
('10','10','10','Et fuga deleniti sed eveniet repellat iste omnis. Cumque enim provident eaque et et.','1981-11-06 18:51:55'),
('11','11','11','Illum et voluptatem sit. Dicta nihil commodi in consequatur provident. Enim quasi amet eveniet.','2000-12-10 23:11:11'),
('12','12','12','Corrupti doloribus fugit ipsum pariatur sapiente perspiciatis libero modi. Distinctio dolorem blanditiis deleniti id. Omnis eos fugit natus tempora delectus quia. Molestiae quam omnis sed nam iusto officia. Aut dicta voluptatem dolorum sed nam non rem.','2010-08-04 16:44:17'),
('13','13','13','Aperiam aut sed debitis minus iure iure quo. A repellendus nam qui illo saepe nostrum deserunt. Esse saepe et nobis a et hic sit.','2001-05-10 06:10:37'),
('14','14','14','Recusandae laboriosam voluptate quos. Molestiae qui aut aliquid et odit eos aut similique. Dolorem aperiam cupiditate natus quia velit quae. Quibusdam necessitatibus laudantium temporibus architecto eos.','1986-11-24 12:15:45'),
('15','15','15','Sequi cupiditate maxime ducimus magni. Molestiae suscipit non nesciunt assumenda eius voluptate magni. Est nobis vel asperiores quae.','1974-12-31 08:10:42'),
('16','16','16','Minima sed vitae non nihil fuga. Soluta suscipit unde nesciunt debitis libero consequatur sed. Voluptas dolorem vel officiis pariatur et et.','2016-05-08 19:16:50'),
('17','17','17','Iusto voluptates quis laboriosam beatae doloremque et eaque qui. Praesentium maxime consequatur ut. Ea et odit magnam doloribus alias et eum ipsa. Aut est at blanditiis ut molestiae nostrum.','2004-12-08 00:27:14'),
('18','18','18','Aut dolorem earum minima. Et at sequi officiis exercitationem ut. Voluptatem iusto tempore quo minima. Maiores minima id unde est eligendi incidunt.','2013-02-13 03:29:52'),
('19','19','19','Necessitatibus nihil beatae praesentium saepe est quaerat beatae. Omnis quam consequuntur at quo. Ab ea officiis consequatur nesciunt nostrum.','1980-12-13 13:02:23'),
('20','20','20','Fuga praesentium culpa inventore aspernatur sit omnis. Est voluptatem et vel harum temporibus quaerat possimus. Iure accusantium sunt architecto sed culpa. Aut alias enim maxime asperiores fugiat non.','1986-12-17 14:09:16'),
('21','21','21','Cupiditate sed necessitatibus minima placeat. Minima praesentium occaecati omnis ut vitae. Est minus repudiandae omnis dignissimos blanditiis consequatur quis sint. Consequatur rerum iusto vitae ex eum adipisci.','2016-01-09 15:30:43'),
('22','22','22','Distinctio delectus corrupti id. Excepturi corporis sapiente aliquid nemo accusamus. In praesentium deserunt praesentium labore sed non. Quibusdam et ut laborum repellat qui ratione voluptatem.','2019-01-11 04:29:33'),
('23','23','23','Quo ut et sapiente quasi architecto laudantium nihil. Assumenda temporibus vel dolorem qui pariatur eos pariatur velit. Illum consequatur voluptatem sunt omnis quae.','1997-06-11 11:17:32'),
('24','24','24','Nostrum numquam magnam amet porro aliquid unde voluptas. Sed omnis dolores et et dolorem omnis corporis. Cum rerum labore autem qui. Velit modi dolor suscipit est odit cumque temporibus.','2008-12-11 09:57:46'),
('25','25','25','Qui corrupti velit laborum reprehenderit. Dolores delectus omnis et aut sunt id ea natus. Laudantium laborum eaque dolorem qui delectus quia. Ipsam commodi quae et hic ut.','2007-05-24 11:08:47'),
('26','26','26','Et facere eum et corrupti error. Nesciunt culpa consequatur rem tempore temporibus. Ullam corrupti vero eveniet culpa ut magni voluptas.','1997-08-17 18:01:48'),
('27','27','27','Eius eum est rerum nisi ex. Consequatur officiis iusto voluptatibus facilis. Sed velit laborum ab nisi inventore tenetur nobis.','1991-08-23 05:55:23'),
('28','28','28','Error est temporibus itaque dolor nihil nesciunt. Nam expedita expedita alias. Culpa enim hic unde omnis.','1988-01-20 22:21:05'),
('29','29','29','Voluptas sint odit aliquid eum facilis consequatur deleniti. Ipsam illum repellat optio et neque in ipsum. Ea porro eveniet aperiam nihil commodi aliquid fuga eum.','2013-12-29 12:16:06'),
('30','30','30','Pariatur voluptas neque dolorem blanditiis. Aspernatur eum rerum suscipit id magni quaerat illum. Commodi a dolore et voluptatem quia aut. Veniam asperiores qui in ratione voluptatem ut numquam.','1973-10-14 18:07:38'),
('31','31','31','Tempora reiciendis corrupti hic est ut dolores ullam saepe. Odit facere rerum distinctio. Inventore ex dolorum ex adipisci ut provident. Sunt corporis vitae autem voluptatem fugit.','1993-11-29 16:04:24'),
('32','32','32','Fugiat similique nam est fugit at voluptas. Est maxime tempore totam fugiat et. Harum non laudantium ab nesciunt animi.','2003-03-01 17:53:02'),
('33','33','33','Quaerat ab est atque aspernatur quaerat et. Voluptas blanditiis placeat voluptatem suscipit at id. Harum voluptatibus aperiam dolor nihil fuga. Vel soluta officiis cupiditate totam tenetur mollitia culpa qui.','1974-04-18 22:50:47'),
('34','34','34','Recusandae sed animi ea nemo. Repudiandae esse nostrum et sed. Dolore voluptatem sed est veniam et.','1992-05-26 02:22:39'),
('35','35','35','Eum tenetur qui veritatis. Minus qui excepturi ut veniam recusandae similique. Impedit iure quo fuga repellat praesentium labore. Nihil culpa ab omnis aut.','2009-07-18 09:28:14'),
('36','36','36','Culpa omnis voluptatem expedita ut voluptatibus. Porro et in possimus et voluptatem qui. Quod rerum harum voluptatum amet atque quia et. Quo sapiente eaque eligendi.','1973-09-13 06:40:31'),
('37','37','37','Non voluptate necessitatibus magni eum. Illum quia quae dignissimos vel. Nam culpa perspiciatis quibusdam consequatur est distinctio et.','2013-10-28 17:20:16'),
('38','38','38','Molestiae iusto ut error possimus. Esse voluptas voluptate inventore blanditiis laudantium omnis laboriosam. Libero doloremque delectus harum autem sed porro.','1977-11-04 21:41:30'),
('39','39','39','Labore molestiae illum omnis dolorem a. Quod aperiam porro voluptas non voluptatibus repudiandae dolore. Voluptatem sit molestias amet quis. Possimus praesentium quasi aliquid nihil recusandae et aut ut.','1981-12-13 15:39:36'),
('40','40','40','Facilis doloremque cum maiores accusamus dolorem sequi. Corporis est inventore ut et fugit sit eaque aperiam. Doloremque architecto voluptas quasi quasi nihil. Illum quisquam omnis in officia quos recusandae soluta.','1971-05-08 16:42:26'),
('41','41','41','Aut est facere et odit qui. Culpa cupiditate at iste blanditiis illum perspiciatis voluptatem. Non aliquid rerum modi laudantium voluptatem sunt. Ut culpa qui eum.','1977-04-08 04:06:23'),
('42','42','42','Ipsam consectetur maxime ut optio nemo. At quis debitis quibusdam. Voluptatibus aut facilis quae odio dolor fugiat ex facere. Molestiae nostrum molestiae explicabo labore.','2002-06-11 19:55:35'),
('43','43','43','Deleniti saepe hic maiores repellat et est. Minus ea aspernatur omnis doloribus sed nostrum. Aut neque corrupti quae quia ipsum sequi voluptatem. Assumenda dolorem iure voluptatem qui repudiandae est aut.','2004-07-26 16:30:09'),
('44','44','44','Libero dolor non recusandae. Quidem et earum reprehenderit omnis dignissimos et tempora doloribus. Odio id dolor cumque modi vel. Consequatur ipsa cupiditate tenetur et voluptas ipsam. In animi voluptate dolor ut facere deserunt quidem.','2016-01-13 02:40:15'),
('45','45','45','Reiciendis nulla est et ad at amet consequatur. Quidem sed fugiat repellat cum inventore quo. Rem corporis optio ullam animi quaerat ullam culpa. Doloribus tempore culpa possimus esse nam sed.','1991-07-30 04:46:58'),
('46','46','46','Animi officia suscipit quidem cumque ipsam. Magnam qui aut ut error id. Et vel a molestiae.','1984-08-19 00:23:26'),
('47','47','47','Quo rerum praesentium in et aspernatur consequatur ducimus. Natus enim nulla dicta earum facere ea neque.','1996-04-29 02:30:18'),
('48','48','48','Quisquam quam ut nulla velit unde quos iure illo. Deserunt tempore quia labore facere. Exercitationem autem voluptate eaque sit. Necessitatibus eum voluptatem asperiores explicabo. Placeat corrupti amet quasi omnis.','1973-10-15 20:38:54'),
('49','49','49','Cupiditate reiciendis non nemo voluptatum a aut. Libero a fugiat vero dolore aperiam occaecati quisquam voluptatum. Ducimus rerum qui rerum eligendi ut voluptatem.','2011-02-08 22:04:45'),
('50','50','50','Praesentium rem molestias voluptatum enim. Et dolores totam reiciendis numquam. In fugit praesentium iste voluptatem assumenda dolor.','1973-10-17 14:24:09'),
('51','51','51','Assumenda quidem provident sed et. Consequatur rerum labore qui qui. A eligendi tenetur veniam magnam voluptatibus animi sed. Laudantium minima sequi beatae quas in.','1994-09-04 14:41:50'),
('52','52','52','Enim aut neque quasi ab qui iusto dolor delectus. Maiores expedita voluptas in velit voluptate quia.','2001-08-05 22:30:41'),
('53','53','53','Esse molestiae quia ut quam excepturi qui corporis occaecati. Molestiae sunt voluptas et iste molestiae. Mollitia ad consequatur quos voluptas. Autem nam non temporibus esse voluptatem nesciunt. Ducimus sed mollitia nulla quo soluta natus iure dolorem.','2013-06-11 09:08:37'),
('54','54','54','Quod placeat vitae asperiores fugit aperiam molestias. Culpa eos nobis voluptate omnis ex et. Culpa voluptatem eius soluta incidunt consectetur ipsa sunt. Odit dolor adipisci libero inventore quas dolore.','2008-03-06 07:56:44'),
('55','55','55','Saepe vel id et rerum id rerum ipsam. Voluptas reiciendis est ab est qui. Inventore placeat harum ducimus in.','1972-02-26 22:37:41'),
('56','56','56','Eum ut reiciendis perspiciatis vel sint quia. Sapiente architecto amet accusantium. Qui assumenda nesciunt nesciunt ullam amet mollitia necessitatibus.','1972-04-19 05:18:37'),
('57','57','57','Repellat sint ipsam vel aut nisi neque nesciunt. Provident autem quisquam consectetur ea. Earum ut et qui praesentium mollitia non sed.','1971-05-10 16:25:29'),
('58','58','58','Aut dicta nostrum quo dolorem minima quibusdam. Voluptas amet nihil rerum nihil non. Ut laboriosam asperiores sint praesentium sit velit in. Et id dolor rerum placeat adipisci voluptatem.','2012-05-08 15:32:46'),
('59','59','59','Omnis vitae impedit ab dicta quaerat eius. Commodi rem et natus quia aut reiciendis. Ut sed consequatur in voluptatibus ipsa. Aperiam veniam occaecati reprehenderit corrupti veritatis et.','1997-03-17 05:59:03'),
('60','60','60','Ullam error quas velit in. Quibusdam maxime et doloremque neque porro voluptatibus. Eum quia alias error assumenda omnis et dolore.','2004-05-20 20:53:21'),
('61','61','61','Aut maxime deleniti exercitationem possimus ut dolores id. Ut et maiores similique non. Sed at quam nihil neque voluptatibus qui.','1999-10-22 02:33:45'),
('62','62','62','Ipsam iste ducimus rem quia. Ut quos et tempora asperiores blanditiis fugit incidunt et. Aspernatur sed voluptas ipsam voluptatem. Sunt et voluptatum molestiae vitae suscipit perferendis sequi distinctio.','1978-12-17 19:44:45'),
('63','63','63','Ut temporibus quia quas reiciendis quos laudantium. Quaerat iure ullam omnis aut quos perferendis. Tempora nesciunt reiciendis impedit veniam voluptas et quia libero. Aliquid qui consequatur animi non et.','2007-08-05 07:25:24'),
('64','64','64','Saepe quo et laudantium voluptatibus. Ratione rerum aliquam quidem odit sint et. Tempore ad suscipit a expedita suscipit nihil voluptas. Nihil sunt maxime maxime adipisci nobis et sed maxime.','2009-03-24 00:48:14'),
('65','65','65','Veniam minima eligendi nemo facilis. Ea consectetur repellendus dolorum cum quia amet. Qui praesentium provident esse aspernatur esse sit vel.','2018-05-20 08:01:33'),
('66','66','66','Enim dolorem voluptas reiciendis quia molestiae accusamus nulla. Pariatur ab quia nulla. Voluptates labore et iste omnis excepturi. A numquam quibusdam deleniti sit aut.','2016-06-19 07:05:55'),
('67','67','67','Unde voluptas voluptas sed. Provident sed beatae voluptas exercitationem. Veritatis harum qui hic amet.','1979-03-24 22:18:22'),
('68','68','68','Dicta vel est voluptatem nisi amet est cumque. Magni et velit voluptatibus ut facere.','1974-05-03 04:30:06'),
('69','69','69','Vel ut excepturi est eius quos nihil error. Praesentium amet aperiam eum. Suscipit iste voluptas veniam ea voluptas sed.','2002-09-13 22:59:42'),
('70','70','70','Ducimus voluptas nulla adipisci sapiente. Sint nesciunt ad est architecto id ea. Perferendis velit recusandae dolores amet et. Necessitatibus voluptate quae ratione impedit sit pariatur.','1997-04-22 16:39:12'),
('71','71','71','Quae eos non eum. Eius quia non quibusdam doloremque in dolore iure. Quam et animi itaque aut facere expedita natus. Consequuntur aut corrupti et qui voluptatem eum quaerat.','2004-06-13 00:48:15'),
('72','72','72','Velit eum tempora incidunt molestiae mollitia eligendi. Eveniet aperiam fuga voluptatem quo exercitationem voluptatibus reiciendis. Sed qui porro ut sit.','1977-10-20 11:03:43'),
('73','73','73','Voluptas labore modi rerum tempora delectus quia. Dolores minus quisquam laborum quis cupiditate. In porro quia non dolore debitis ipsa asperiores.','2019-04-18 08:24:10'),
('74','74','74','Eum rerum quos est et repellendus occaecati. Fugiat animi at rerum qui. Quia ea sint exercitationem sint omnis non. Non odio eos nihil quia mollitia.','1990-10-26 17:52:08'),
('75','75','75','Nostrum sed asperiores placeat. Repellat reiciendis quae aut numquam sunt quaerat perspiciatis mollitia. Omnis exercitationem accusantium voluptatem in tempora nam non quibusdam. Repellendus ipsum dicta distinctio hic officiis ea magnam sit.','1997-11-19 18:45:21'),
('76','76','76','Sunt est expedita dolor natus voluptatem vero quisquam. Quia illum perspiciatis ad nostrum soluta accusantium est. Qui est accusantium aspernatur temporibus officia. Assumenda optio excepturi voluptate vel sit explicabo sint et.','1983-10-21 02:40:59'),
('77','77','77','Sed molestias reprehenderit voluptatibus dolore iure veritatis molestias ipsam. Magnam sed est consequatur repudiandae est dignissimos. Voluptatibus veritatis repellendus tempore fugit ipsam.','1974-10-03 11:36:23'),
('78','78','78','Qui neque numquam aut vel voluptas sed quam. Et qui tempora dolores et nostrum et.','1980-11-18 09:56:04'),
('79','79','79','Corporis dolores cumque asperiores pariatur vel libero. Iste aspernatur in aperiam optio aut necessitatibus. Maxime facilis velit eos at. Tempora officiis eligendi mollitia et quaerat.','2013-01-03 23:10:50'),
('80','80','80','Ea error quo quam doloremque sint. Vitae sint doloremque porro ex debitis occaecati. Omnis officia cum minima laborum ex ut.','1989-02-13 04:20:51'),
('81','81','81','Et debitis ut et placeat. Dolor vero aliquam et et itaque nulla amet. Et assumenda fuga temporibus veniam accusantium. Fugiat qui beatae magnam.','1985-11-08 06:57:59'),
('82','82','82','Illo praesentium consectetur saepe. Occaecati odio autem deleniti atque. Qui ex animi error numquam ut ut non. Vel ea aliquam nisi aut non adipisci harum a.','1997-02-28 06:14:28'),
('83','83','83','Et accusantium similique sed et. Voluptatibus quae quis alias. Beatae ipsum asperiores et sint.','2014-12-01 20:42:47'),
('84','84','84','Eveniet voluptatem fuga sint debitis quia est. Voluptatibus veritatis atque dignissimos quo vitae. Aut saepe velit fugit debitis earum nesciunt et laboriosam.','1976-08-06 12:07:02'),
('85','85','85','Corporis eos suscipit ipsam veniam officia quidem. Aut omnis et est nemo dolor.','1982-02-10 20:28:21'),
('86','86','86','Ipsam ex fuga sed dolores rerum sequi quam. Rerum qui quisquam quasi cum quo et. Qui quis dolorum voluptas dolor.','1988-05-07 23:04:17'),
('87','87','87','Sapiente et voluptatem velit. Quisquam ab ut nulla omnis porro. Dolores vero eos porro et earum possimus et.','2015-05-28 20:52:56'),
('88','88','88','Quae eius non enim quo. Perspiciatis quia quia ab dolorem. Autem officiis incidunt dolor consequatur sint tempore velit.','2017-08-16 23:29:15'),
('89','89','89','Amet quo nemo doloribus natus ea numquam quasi in. Rerum recusandae voluptas quia qui sunt commodi. Pariatur aut quisquam quisquam numquam quam sed. Qui magnam veritatis qui doloremque ipsam ex facilis.','1989-05-19 19:30:21'),
('90','90','90','Voluptates possimus officiis commodi asperiores itaque est minima. Modi odit corrupti veniam veniam.','1978-09-23 00:27:24'),
('91','91','91','Nulla fugit at sit laboriosam sed. Voluptatem sit doloribus esse ut delectus suscipit.','2009-10-15 17:28:26'),
('92','92','92','Cupiditate excepturi aut asperiores ab molestiae qui. Quia quis dolor doloribus et.','1983-05-08 15:27:29'),
('93','93','93','Atque unde dicta impedit quibusdam repellendus quas iste. Qui ut maiores quo tempore mollitia. Repudiandae odio sint consequatur corrupti consequuntur consequuntur nostrum.','1979-08-17 16:00:23'),
('94','94','94','Quo eum natus doloribus numquam minus eos. Aperiam ut velit necessitatibus iusto. Aperiam eveniet aliquid rerum et non sint. Dolores velit corrupti neque ea iure. Quaerat praesentium libero perspiciatis velit est voluptates.','1970-11-24 16:20:09'),
('95','95','95','Voluptas est non quas nihil qui. Beatae nobis ut laudantium.','2018-08-29 20:32:47'),
('96','96','96','Amet fugiat voluptatem in qui enim repudiandae. Officiis et id et facilis sed nulla et. Fugiat ut enim ut molestiae pariatur aperiam. Nostrum dolor distinctio ut quibusdam non quia veniam.','1998-04-07 21:34:20'),
('97','97','97','Possimus inventore consectetur commodi omnis in aut quibusdam ex. Ex dolor quisquam vero alias voluptatem qui voluptatem. Vero consectetur autem ducimus suscipit nemo officiis sunt. Possimus natus eveniet corporis ex consequatur aspernatur et dignissimos.','1971-06-07 03:46:42'),
('98','98','98','Omnis voluptatem est a quasi at. Odio id ut ut ut iure.','2003-09-10 12:54:11'),
('99','99','99','Sint vitae possimus mollitia accusantium. Voluptatibus fugit ipsa consequuntur sit tenetur omnis dolorem laborum. In consequatur quas qui totam iste omnis non eveniet.','2014-06-11 19:12:14'),
('100','100','100','Dolore et dolore veritatis repudiandae accusantium et. Et et quas est. Quod molestiae quod vel expedita est provident.','1990-04-21 23:04:33'); 


DROP TABLE IF EXISTS `photo_albums`;
CREATE TABLE `photo_albums` (
  `id` bigint(20) unsigned NOT NULL AUTO_INCREMENT,
  `name` varchar(200) COLLATE utf8_unicode_ci DEFAULT NULL,
  `user_id` bigint(20) unsigned NOT NULL,
  PRIMARY KEY (`id`),
  KEY `user_id` (`user_id`),
  CONSTRAINT `photo_albums_ibfk_1` FOREIGN KEY (`user_id`) REFERENCES `users` (`id`)
) ENGINE=InnoDB AUTO_INCREMENT=201 DEFAULT CHARSET=utf8 COLLATE=utf8_unicode_ci;

INSERT INTO `photo_albums` VALUES ('1','nihil','1'),
('2','provident','2'),
('3','omnis','3'),
('4','quia','4'),
('5','et','5'),
('6','qui','6'),
('7','aperiam','7'),
('8','omnis','8'),
('9','quis','9'),
('10','dolores','10'),
('11','sed','11'),
('12','incidunt','12'),
('13','omnis','13'),
('14','officia','14'),
('15','incidunt','15'),
('16','sunt','16'),
('17','eos','17'),
('18','cumque','18'),
('19','velit','19'),
('20','voluptas','20'),
('21','consequuntur','21'),
('22','hic','22'),
('23','architecto','23'),
('24','velit','24'),
('25','dolorem','25'),
('26','corrupti','26'),
('27','unde','27'),
('28','quos','28'),
('29','praesentium','29'),
('30','nulla','30'),
('31','consequatur','31'),
('32','et','32'),
('33','officiis','33'),
('34','dolores','34'),
('35','alias','35'),
('36','tempora','36'),
('37','quis','37'),
('38','veniam','38'),
('39','sed','39'),
('40','et','40'),
('41','quam','41'),
('42','eum','42'),
('43','perspiciatis','43'),
('44','illum','44'),
('45','eos','45'),
('46','aut','46'),
('47','qui','47'),
('48','nihil','48'),
('49','illo','49'),
('50','quia','50'),
('51','et','51'),
('52','iste','52'),
('53','eos','53'),
('54','consectetur','54'),
('55','voluptas','55'),
('56','nobis','56'),
('57','quia','57'),
('58','dolor','58'),
('59','temporibus','59'),
('60','esse','60'),
('61','rerum','61'),
('62','pariatur','62'),
('63','qui','63'),
('64','maxime','64'),
('65','iure','65'),
('66','voluptatum','66'),
('67','officia','67'),
('68','asperiores','68'),
('69','tempora','69'),
('70','suscipit','70'),
('71','enim','71'),
('72','fugiat','72'),
('73','delectus','73'),
('74','atque','74'),
('75','nulla','75'),
('76','ratione','76'),
('77','minus','77'),
('78','et','78'),
('79','iure','79'),
('80','aut','80'),
('81','atque','81'),
('82','cum','82'),
('83','consequatur','83'),
('84','sit','84'),
('85','sit','85'),
('86','eos','86'),
('87','veniam','87'),
('88','libero','88'),
('89','ut','89'),
('90','aperiam','90'),
('91','voluptas','91'),
('92','nostrum','92'),
('93','perferendis','93'),
('94','officia','94'),
('95','aut','95'),
('96','ut','96'),
('97','ducimus','97'),
('98','earum','98'),
('99','quia','99'),
('100','sint','100'),
('101','reprehenderit','1'),
('102','aut','2'),
('103','nihil','3'),
('104','ea','4'),
('105','et','5'),
('106','et','6'),
('107','molestiae','7'),
('108','provident','8'),
('109','voluptatem','9'),
('110','sint','10'),
('111','perferendis','11'),
('112','autem','12'),
('113','explicabo','13'),
('114','quasi','14'),
('115','nihil','15'),
('116','consequatur','16'),
('117','ipsa','17'),
('118','hic','18'),
('119','eius','19'),
('120','commodi','20'),
('121','modi','21'),
('122','itaque','22'),
('123','doloribus','23'),
('124','consequatur','24'),
('125','corporis','25'),
('126','fugiat','26'),
('127','molestiae','27'),
('128','odio','28'),
('129','ex','29'),
('130','iste','30'),
('131','et','31'),
('132','dolorum','32'),
('133','dicta','33'),
('134','vel','34'),
('135','nam','35'),
('136','et','36'),
('137','eligendi','37'),
('138','vitae','38'),
('139','omnis','39'),
('140','et','40'),
('141','aut','41'),
('142','eligendi','42'),
('143','temporibus','43'),
('144','dolor','44'),
('145','porro','45'),
('146','ex','46'),
('147','nihil','47'),
('148','voluptas','48'),
('149','quis','49'),
('150','et','50'),
('151','sit','51'),
('152','ratione','52'),
('153','quis','53'),
('154','sint','54'),
('155','officia','55'),
('156','deleniti','56'),
('157','temporibus','57'),
('158','alias','58'),
('159','esse','59'),
('160','architecto','60'),
('161','dolorum','61'),
('162','blanditiis','62'),
('163','dolorem','63'),
('164','natus','64'),
('165','laborum','65'),
('166','deserunt','66'),
('167','temporibus','67'),
('168','et','68'),
('169','et','69'),
('170','perspiciatis','70'),
('171','nisi','71'),
('172','repudiandae','72'),
('173','laborum','73'),
('174','et','74'),
('175','officiis','75'),
('176','blanditiis','76'),
('177','similique','77'),
('178','veritatis','78'),
('179','ut','79'),
('180','velit','80'),
('181','minima','81'),
('182','quia','82'),
('183','magni','83'),
('184','praesentium','84'),
('185','ut','85'),
('186','unde','86'),
('187','quisquam','87'),
('188','quaerat','88'),
('189','inventore','89'),
('190','consequatur','90'),
('191','cumque','91'),
('192','exercitationem','92'),
('193','dolores','93'),
('194','facilis','94'),
('195','et','95'),
('196','ipsum','96'),
('197','voluptatem','97'),
('198','eos','98'),
('199','ut','99'),
('200','ut','100'); 


DROP TABLE IF EXISTS `photos`;
CREATE TABLE `photos` (
  `id` bigint(20) unsigned NOT NULL AUTO_INCREMENT,
  `media_id` bigint(20) unsigned NOT NULL,
  `album_id` bigint(20) unsigned NOT NULL,
  PRIMARY KEY (`id`),
  KEY `album_id` (`album_id`),
  KEY `media_id` (`media_id`),
  CONSTRAINT `photos_ibfk_1` FOREIGN KEY (`album_id`) REFERENCES `photo_albums` (`id`),
  CONSTRAINT `photos_ibfk_2` FOREIGN KEY (`media_id`) REFERENCES `media` (`id`)
) ENGINE=InnoDB AUTO_INCREMENT=1001 DEFAULT CHARSET=utf8 COLLATE=utf8_unicode_ci;

INSERT INTO `photos` VALUES ('1','1','1'),
('2','2','2'),
('3','3','3'),
('4','4','4'),
('5','5','5'),
('6','6','6'),
('7','7','7'),
('8','8','8'),
('9','9','9'),
('10','10','10'),
('11','11','11'),
('12','12','12'),
('13','13','13'),
('14','14','14'),
('15','15','15'),
('16','16','16'),
('17','17','17'),
('18','18','18'),
('19','19','19'),
('20','20','20'),
('21','21','21'),
('22','22','22'),
('23','23','23'),
('24','24','24'),
('25','25','25'),
('26','26','26'),
('27','27','27'),
('28','28','28'),
('29','29','29'),
('30','30','30'),
('31','31','31'),
('32','32','32'),
('33','33','33'),
('34','34','34'),
('35','35','35'),
('36','36','36'),
('37','37','37'),
('38','38','38'),
('39','39','39'),
('40','40','40'),
('41','41','41'),
('42','42','42'),
('43','43','43'),
('44','44','44'),
('45','45','45'),
('46','46','46'),
('47','47','47'),
('48','48','48'),
('49','49','49'),
('50','50','50'),
('51','51','51'),
('52','52','52'),
('53','53','53'),
('54','54','54'),
('55','55','55'),
('56','56','56'),
('57','57','57'),
('58','58','58'),
('59','59','59'),
('60','60','60'),
('61','61','61'),
('62','62','62'),
('63','63','63'),
('64','64','64'),
('65','65','65'),
('66','66','66'),
('67','67','67'),
('68','68','68'),
('69','69','69'),
('70','70','70'),
('71','71','71'),
('72','72','72'),
('73','73','73'),
('74','74','74'),
('75','75','75'),
('76','76','76'),
('77','77','77'),
('78','78','78'),
('79','79','79'),
('80','80','80'),
('81','81','81'),
('82','82','82'),
('83','83','83'),
('84','84','84'),
('85','85','85'),
('86','86','86'),
('87','87','87'),
('88','88','88'),
('89','89','89'),
('90','90','90'),
('91','91','91'),
('92','92','92'),
('93','93','93'),
('94','94','94'),
('95','95','95'),
('96','96','96'),
('97','97','97'),
('98','98','98'),
('99','99','99'),
('100','100','100'),
('101','1','101'),
('102','2','102'),
('103','3','103'),
('104','4','104'),
('105','5','105'),
('106','6','106'),
('107','7','107'),
('108','8','108'),
('109','9','109'),
('110','10','110'),
('111','11','111'),
('112','12','112'),
('113','13','113'),
('114','14','114'),
('115','15','115'),
('116','16','116'),
('117','17','117'),
('118','18','118'),
('119','19','119'),
('120','20','120'),
('121','21','121'),
('122','22','122'),
('123','23','123'),
('124','24','124'),
('125','25','125'),
('126','26','126'),
('127','27','127'),
('128','28','128'),
('129','29','129'),
('130','30','130'),
('131','31','131'),
('132','32','132'),
('133','33','133'),
('134','34','134'),
('135','35','135'),
('136','36','136'),
('137','37','137'),
('138','38','138'),
('139','39','139'),
('140','40','140'),
('141','41','141'),
('142','42','142'),
('143','43','143'),
('144','44','144'),
('145','45','145'),
('146','46','146'),
('147','47','147'),
('148','48','148'),
('149','49','149'),
('150','50','150'),
('151','51','151'),
('152','52','152'),
('153','53','153'),
('154','54','154'),
('155','55','155'),
('156','56','156'),
('157','57','157'),
('158','58','158'),
('159','59','159'),
('160','60','160'),
('161','61','161'),
('162','62','162'),
('163','63','163'),
('164','64','164'),
('165','65','165'),
('166','66','166'),
('167','67','167'),
('168','68','168'),
('169','69','169'),
('170','70','170'),
('171','71','171'),
('172','72','172'),
('173','73','173'),
('174','74','174'),
('175','75','175'),
('176','76','176'),
('177','77','177'),
('178','78','178'),
('179','79','179'),
('180','80','180'),
('181','81','181'),
('182','82','182'),
('183','83','183'),
('184','84','184'),
('185','85','185'),
('186','86','186'),
('187','87','187'),
('188','88','188'),
('189','89','189'),
('190','90','190'),
('191','91','191'),
('192','92','192'),
('193','93','193'),
('194','94','194'),
('195','95','195'),
('196','96','196'),
('197','97','197'),
('198','98','198'),
('199','99','199'),
('200','100','200'),
('201','1','1'),
('202','2','2'),
('203','3','3'),
('204','4','4'),
('205','5','5'),
('206','6','6'),
('207','7','7'),
('208','8','8'),
('209','9','9'),
('210','10','10'),
('211','11','11'),
('212','12','12'),
('213','13','13'),
('214','14','14'),
('215','15','15'),
('216','16','16'),
('217','17','17'),
('218','18','18'),
('219','19','19'),
('220','20','20'),
('221','21','21'),
('222','22','22'),
('223','23','23'),
('224','24','24'),
('225','25','25'),
('226','26','26'),
('227','27','27'),
('228','28','28'),
('229','29','29'),
('230','30','30'),
('231','31','31'),
('232','32','32'),
('233','33','33'),
('234','34','34'),
('235','35','35'),
('236','36','36'),
('237','37','37'),
('238','38','38'),
('239','39','39'),
('240','40','40'),
('241','41','41'),
('242','42','42'),
('243','43','43'),
('244','44','44'),
('245','45','45'),
('246','46','46'),
('247','47','47'),
('248','48','48'),
('249','49','49'),
('250','50','50'),
('251','51','51'),
('252','52','52'),
('253','53','53'),
('254','54','54'),
('255','55','55'),
('256','56','56'),
('257','57','57'),
('258','58','58'),
('259','59','59'),
('260','60','60'),
('261','61','61'),
('262','62','62'),
('263','63','63'),
('264','64','64'),
('265','65','65'),
('266','66','66'),
('267','67','67'),
('268','68','68'),
('269','69','69'),
('270','70','70'),
('271','71','71'),
('272','72','72'),
('273','73','73'),
('274','74','74'),
('275','75','75'),
('276','76','76'),
('277','77','77'),
('278','78','78'),
('279','79','79'),
('280','80','80'),
('281','81','81'),
('282','82','82'),
('283','83','83'),
('284','84','84'),
('285','85','85'),
('286','86','86'),
('287','87','87'),
('288','88','88'),
('289','89','89'),
('290','90','90'),
('291','91','91'),
('292','92','92'),
('293','93','93'),
('294','94','94'),
('295','95','95'),
('296','96','96'),
('297','97','97'),
('298','98','98'),
('299','99','99'),
('300','100','100'),
('301','1','101'),
('302','2','102'),
('303','3','103'),
('304','4','104'),
('305','5','105'),
('306','6','106'),
('307','7','107'),
('308','8','108'),
('309','9','109'),
('310','10','110'),
('311','11','111'),
('312','12','112'),
('313','13','113'),
('314','14','114'),
('315','15','115'),
('316','16','116'),
('317','17','117'),
('318','18','118'),
('319','19','119'),
('320','20','120'),
('321','21','121'),
('322','22','122'),
('323','23','123'),
('324','24','124'),
('325','25','125'),
('326','26','126'),
('327','27','127'),
('328','28','128'),
('329','29','129'),
('330','30','130'),
('331','31','131'),
('332','32','132'),
('333','33','133'),
('334','34','134'),
('335','35','135'),
('336','36','136'),
('337','37','137'),
('338','38','138'),
('339','39','139'),
('340','40','140'),
('341','41','141'),
('342','42','142'),
('343','43','143'),
('344','44','144'),
('345','45','145'),
('346','46','146'),
('347','47','147'),
('348','48','148'),
('349','49','149'),
('350','50','150'),
('351','51','151'),
('352','52','152'),
('353','53','153'),
('354','54','154'),
('355','55','155'),
('356','56','156'),
('357','57','157'),
('358','58','158'),
('359','59','159'),
('360','60','160'),
('361','61','161'),
('362','62','162'),
('363','63','163'),
('364','64','164'),
('365','65','165'),
('366','66','166'),
('367','67','167'),
('368','68','168'),
('369','69','169'),
('370','70','170'),
('371','71','171'),
('372','72','172'),
('373','73','173'),
('374','74','174'),
('375','75','175'),
('376','76','176'),
('377','77','177'),
('378','78','178'),
('379','79','179'),
('380','80','180'),
('381','81','181'),
('382','82','182'),
('383','83','183'),
('384','84','184'),
('385','85','185'),
('386','86','186'),
('387','87','187'),
('388','88','188'),
('389','89','189'),
('390','90','190'),
('391','91','191'),
('392','92','192'),
('393','93','193'),
('394','94','194'),
('395','95','195'),
('396','96','196'),
('397','97','197'),
('398','98','198'),
('399','99','199'),
('400','100','200'),
('401','1','1'),
('402','2','2'),
('403','3','3'),
('404','4','4'),
('405','5','5'),
('406','6','6'),
('407','7','7'),
('408','8','8'),
('409','9','9'),
('410','10','10'),
('411','11','11'),
('412','12','12'),
('413','13','13'),
('414','14','14'),
('415','15','15'),
('416','16','16'),
('417','17','17'),
('418','18','18'),
('419','19','19'),
('420','20','20'),
('421','21','21'),
('422','22','22'),
('423','23','23'),
('424','24','24'),
('425','25','25'),
('426','26','26'),
('427','27','27'),
('428','28','28'),
('429','29','29'),
('430','30','30'),
('431','31','31'),
('432','32','32'),
('433','33','33'),
('434','34','34'),
('435','35','35'),
('436','36','36'),
('437','37','37'),
('438','38','38'),
('439','39','39'),
('440','40','40'),
('441','41','41'),
('442','42','42'),
('443','43','43'),
('444','44','44'),
('445','45','45'),
('446','46','46'),
('447','47','47'),
('448','48','48'),
('449','49','49'),
('450','50','50'),
('451','51','51'),
('452','52','52'),
('453','53','53'),
('454','54','54'),
('455','55','55'),
('456','56','56'),
('457','57','57'),
('458','58','58'),
('459','59','59'),
('460','60','60'),
('461','61','61'),
('462','62','62'),
('463','63','63'),
('464','64','64'),
('465','65','65'),
('466','66','66'),
('467','67','67'),
('468','68','68'),
('469','69','69'),
('470','70','70'),
('471','71','71'),
('472','72','72'),
('473','73','73'),
('474','74','74'),
('475','75','75'),
('476','76','76'),
('477','77','77'),
('478','78','78'),
('479','79','79'),
('480','80','80'),
('481','81','81'),
('482','82','82'),
('483','83','83'),
('484','84','84'),
('485','85','85'),
('486','86','86'),
('487','87','87'),
('488','88','88'),
('489','89','89'),
('490','90','90'),
('491','91','91'),
('492','92','92'),
('493','93','93'),
('494','94','94'),
('495','95','95'),
('496','96','96'),
('497','97','97'),
('498','98','98'),
('499','99','99'),
('500','100','100'),
('501','1','101'),
('502','2','102'),
('503','3','103'),
('504','4','104'),
('505','5','105'),
('506','6','106'),
('507','7','107'),
('508','8','108'),
('509','9','109'),
('510','10','110'),
('511','11','111'),
('512','12','112'),
('513','13','113'),
('514','14','114'),
('515','15','115'),
('516','16','116'),
('517','17','117'),
('518','18','118'),
('519','19','119'),
('520','20','120'),
('521','21','121'),
('522','22','122'),
('523','23','123'),
('524','24','124'),
('525','25','125'),
('526','26','126'),
('527','27','127'),
('528','28','128'),
('529','29','129'),
('530','30','130'),
('531','31','131'),
('532','32','132'),
('533','33','133'),
('534','34','134'),
('535','35','135'),
('536','36','136'),
('537','37','137'),
('538','38','138'),
('539','39','139'),
('540','40','140'),
('541','41','141'),
('542','42','142'),
('543','43','143'),
('544','44','144'),
('545','45','145'),
('546','46','146'),
('547','47','147'),
('548','48','148'),
('549','49','149'),
('550','50','150'),
('551','51','151'),
('552','52','152'),
('553','53','153'),
('554','54','154'),
('555','55','155'),
('556','56','156'),
('557','57','157'),
('558','58','158'),
('559','59','159'),
('560','60','160'),
('561','61','161'),
('562','62','162'),
('563','63','163'),
('564','64','164'),
('565','65','165'),
('566','66','166'),
('567','67','167'),
('568','68','168'),
('569','69','169'),
('570','70','170'),
('571','71','171'),
('572','72','172'),
('573','73','173'),
('574','74','174'),
('575','75','175'),
('576','76','176'),
('577','77','177'),
('578','78','178'),
('579','79','179'),
('580','80','180'),
('581','81','181'),
('582','82','182'),
('583','83','183'),
('584','84','184'),
('585','85','185'),
('586','86','186'),
('587','87','187'),
('588','88','188'),
('589','89','189'),
('590','90','190'),
('591','91','191'),
('592','92','192'),
('593','93','193'),
('594','94','194'),
('595','95','195'),
('596','96','196'),
('597','97','197'),
('598','98','198'),
('599','99','199'),
('600','100','200'),
('601','1','1'),
('602','2','2'),
('603','3','3'),
('604','4','4'),
('605','5','5'),
('606','6','6'),
('607','7','7'),
('608','8','8'),
('609','9','9'),
('610','10','10'),
('611','11','11'),
('612','12','12'),
('613','13','13'),
('614','14','14'),
('615','15','15'),
('616','16','16'),
('617','17','17'),
('618','18','18'),
('619','19','19'),
('620','20','20'),
('621','21','21'),
('622','22','22'),
('623','23','23'),
('624','24','24'),
('625','25','25'),
('626','26','26'),
('627','27','27'),
('628','28','28'),
('629','29','29'),
('630','30','30'),
('631','31','31'),
('632','32','32'),
('633','33','33'),
('634','34','34'),
('635','35','35'),
('636','36','36'),
('637','37','37'),
('638','38','38'),
('639','39','39'),
('640','40','40'),
('641','41','41'),
('642','42','42'),
('643','43','43'),
('644','44','44'),
('645','45','45'),
('646','46','46'),
('647','47','47'),
('648','48','48'),
('649','49','49'),
('650','50','50'),
('651','51','51'),
('652','52','52'),
('653','53','53'),
('654','54','54'),
('655','55','55'),
('656','56','56'),
('657','57','57'),
('658','58','58'),
('659','59','59'),
('660','60','60'),
('661','61','61'),
('662','62','62'),
('663','63','63'),
('664','64','64'),
('665','65','65'),
('666','66','66'),
('667','67','67'),
('668','68','68'),
('669','69','69'),
('670','70','70'),
('671','71','71'),
('672','72','72'),
('673','73','73'),
('674','74','74'),
('675','75','75'),
('676','76','76'),
('677','77','77'),
('678','78','78'),
('679','79','79'),
('680','80','80'),
('681','81','81'),
('682','82','82'),
('683','83','83'),
('684','84','84'),
('685','85','85'),
('686','86','86'),
('687','87','87'),
('688','88','88'),
('689','89','89'),
('690','90','90'),
('691','91','91'),
('692','92','92'),
('693','93','93'),
('694','94','94'),
('695','95','95'),
('696','96','96'),
('697','97','97'),
('698','98','98'),
('699','99','99'),
('700','100','100'),
('701','1','101'),
('702','2','102'),
('703','3','103'),
('704','4','104'),
('705','5','105'),
('706','6','106'),
('707','7','107'),
('708','8','108'),
('709','9','109'),
('710','10','110'),
('711','11','111'),
('712','12','112'),
('713','13','113'),
('714','14','114'),
('715','15','115'),
('716','16','116'),
('717','17','117'),
('718','18','118'),
('719','19','119'),
('720','20','120'),
('721','21','121'),
('722','22','122'),
('723','23','123'),
('724','24','124'),
('725','25','125'),
('726','26','126'),
('727','27','127'),
('728','28','128'),
('729','29','129'),
('730','30','130'),
('731','31','131'),
('732','32','132'),
('733','33','133'),
('734','34','134'),
('735','35','135'),
('736','36','136'),
('737','37','137'),
('738','38','138'),
('739','39','139'),
('740','40','140'),
('741','41','141'),
('742','42','142'),
('743','43','143'),
('744','44','144'),
('745','45','145'),
('746','46','146'),
('747','47','147'),
('748','48','148'),
('749','49','149'),
('750','50','150'),
('751','51','151'),
('752','52','152'),
('753','53','153'),
('754','54','154'),
('755','55','155'),
('756','56','156'),
('757','57','157'),
('758','58','158'),
('759','59','159'),
('760','60','160'),
('761','61','161'),
('762','62','162'),
('763','63','163'),
('764','64','164'),
('765','65','165'),
('766','66','166'),
('767','67','167'),
('768','68','168'),
('769','69','169'),
('770','70','170'),
('771','71','171'),
('772','72','172'),
('773','73','173'),
('774','74','174'),
('775','75','175'),
('776','76','176'),
('777','77','177'),
('778','78','178'),
('779','79','179'),
('780','80','180'),
('781','81','181'),
('782','82','182'),
('783','83','183'),
('784','84','184'),
('785','85','185'),
('786','86','186'),
('787','87','187'),
('788','88','188'),
('789','89','189'),
('790','90','190'),
('791','91','191'),
('792','92','192'),
('793','93','193'),
('794','94','194'),
('795','95','195'),
('796','96','196'),
('797','97','197'),
('798','98','198'),
('799','99','199'),
('800','100','200'),
('801','1','1'),
('802','2','2'),
('803','3','3'),
('804','4','4'),
('805','5','5'),
('806','6','6'),
('807','7','7'),
('808','8','8'),
('809','9','9'),
('810','10','10'),
('811','11','11'),
('812','12','12'),
('813','13','13'),
('814','14','14'),
('815','15','15'),
('816','16','16'),
('817','17','17'),
('818','18','18'),
('819','19','19'),
('820','20','20'),
('821','21','21'),
('822','22','22'),
('823','23','23'),
('824','24','24'),
('825','25','25'),
('826','26','26'),
('827','27','27'),
('828','28','28'),
('829','29','29'),
('830','30','30'),
('831','31','31'),
('832','32','32'),
('833','33','33'),
('834','34','34'),
('835','35','35'),
('836','36','36'),
('837','37','37'),
('838','38','38'),
('839','39','39'),
('840','40','40'),
('841','41','41'),
('842','42','42'),
('843','43','43'),
('844','44','44'),
('845','45','45'),
('846','46','46'),
('847','47','47'),
('848','48','48'),
('849','49','49'),
('850','50','50'),
('851','51','51'),
('852','52','52'),
('853','53','53'),
('854','54','54'),
('855','55','55'),
('856','56','56'),
('857','57','57'),
('858','58','58'),
('859','59','59'),
('860','60','60'),
('861','61','61'),
('862','62','62'),
('863','63','63'),
('864','64','64'),
('865','65','65'),
('866','66','66'),
('867','67','67'),
('868','68','68'),
('869','69','69'),
('870','70','70'),
('871','71','71'),
('872','72','72'),
('873','73','73'),
('874','74','74'),
('875','75','75'),
('876','76','76'),
('877','77','77'),
('878','78','78'),
('879','79','79'),
('880','80','80'),
('881','81','81'),
('882','82','82'),
('883','83','83'),
('884','84','84'),
('885','85','85'),
('886','86','86'),
('887','87','87'),
('888','88','88'),
('889','89','89'),
('890','90','90'),
('891','91','91'),
('892','92','92'),
('893','93','93'),
('894','94','94'),
('895','95','95'),
('896','96','96'),
('897','97','97'),
('898','98','98'),
('899','99','99'),
('900','100','100'),
('901','1','101'),
('902','2','102'),
('903','3','103'),
('904','4','104'),
('905','5','105'),
('906','6','106'),
('907','7','107'),
('908','8','108'),
('909','9','109'),
('910','10','110'),
('911','11','111'),
('912','12','112'),
('913','13','113'),
('914','14','114'),
('915','15','115'),
('916','16','116'),
('917','17','117'),
('918','18','118'),
('919','19','119'),
('920','20','120'),
('921','21','121'),
('922','22','122'),
('923','23','123'),
('924','24','124'),
('925','25','125'),
('926','26','126'),
('927','27','127'),
('928','28','128'),
('929','29','129'),
('930','30','130'),
('931','31','131'),
('932','32','132'),
('933','33','133'),
('934','34','134'),
('935','35','135'),
('936','36','136'),
('937','37','137'),
('938','38','138'),
('939','39','139'),
('940','40','140'),
('941','41','141'),
('942','42','142'),
('943','43','143'),
('944','44','144'),
('945','45','145'),
('946','46','146'),
('947','47','147'),
('948','48','148'),
('949','49','149'),
('950','50','150'),
('951','51','151'),
('952','52','152'),
('953','53','153'),
('954','54','154'),
('955','55','155'),
('956','56','156'),
('957','57','157'),
('958','58','158'),
('959','59','159'),
('960','60','160'),
('961','61','161'),
('962','62','162'),
('963','63','163'),
('964','64','164'),
('965','65','165'),
('966','66','166'),
('967','67','167'),
('968','68','168'),
('969','69','169'),
('970','70','170'),
('971','71','171'),
('972','72','172'),
('973','73','173'),
('974','74','174'),
('975','75','175'),
('976','76','176'),
('977','77','177'),
('978','78','178'),
('979','79','179'),
('980','80','180'),
('981','81','181'),
('982','82','182'),
('983','83','183'),
('984','84','184'),
('985','85','185'),
('986','86','186'),
('987','87','187'),
('988','88','188'),
('989','89','189'),
('990','90','190'),
('991','91','191'),
('992','92','192'),
('993','93','193'),
('994','94','194'),
('995','95','195'),
('996','96','196'),
('997','97','197'),
('998','98','198'),
('999','99','199'),
('1000','100','200'); 


DROP TABLE IF EXISTS `profiles`;
CREATE TABLE `profiles` (
  `user_id` bigint(20) unsigned NOT NULL AUTO_INCREMENT,
  `gender` char(1) COLLATE utf8_unicode_ci DEFAULT NULL,
  `birthday` date DEFAULT NULL,
  `photo_id` bigint(20) unsigned DEFAULT NULL,
  `hometown` varchar(100) COLLATE utf8_unicode_ci DEFAULT NULL,
  `created_at` datetime DEFAULT current_timestamp(),
  PRIMARY KEY (`user_id`),
  KEY `photo_id` (`photo_id`),
  CONSTRAINT `profiles_ibfk_1` FOREIGN KEY (`photo_id`) REFERENCES `media` (`id`),
  CONSTRAINT `profiles_ibfk_2` FOREIGN KEY (`user_id`) REFERENCES `users` (`id`) ON UPDATE CASCADE
) ENGINE=InnoDB AUTO_INCREMENT=101 DEFAULT CHARSET=utf8 COLLATE=utf8_unicode_ci;

INSERT INTO `profiles` VALUES ('1','M','1983-03-25','1','Port Enid','1976-07-07 23:38:49'),
('2','M','1983-10-02','2','Lake Cassie','1980-03-18 23:38:09'),
('3','M','1984-02-26','3','Port Kellychester','1970-07-24 12:08:40'),
('4','D','2000-12-08','4','Douglasside','1996-05-30 06:46:26'),
('5','P','2002-03-29','5','Rebekaville','1989-05-05 05:42:30'),
('6','P','2016-03-18','6','New Einomouth','1977-02-25 05:31:16'),
('7','D','1976-05-08','7','Hellerburgh','1999-03-10 20:00:03'),
('8','D','2016-07-02','8','Lake Lottieburgh','1984-11-12 07:47:45'),
('9','M','1971-07-12','9','Reynoldsbury','1970-07-14 05:34:40'),
('10','M','2003-06-23','10','South Eveton','2005-05-08 07:24:12'),
('11','D','1998-02-13','11','East Kavonchester','1989-01-29 21:02:21'),
('12','M','2004-10-23','12','West Afton','1997-05-27 08:36:52'),
('13','P','2020-03-20','13','Port Mercedes','1985-06-09 09:06:54'),
('14','M','2013-04-29','14','Port Deionburgh','1985-04-25 19:58:16'),
('15','D','2008-08-14','15','West Sedrick','1992-11-21 21:21:46'),
('16','D','2017-02-11','16','Jabarishire','2012-03-30 17:58:20'),
('17','D','1981-08-25','17','South Urielburgh','1979-11-20 19:26:57'),
('18','M','2013-03-27','18','Aleneport','1978-12-01 06:34:42'),
('19','P','2013-02-15','19','New Cletafurt','2000-11-12 21:19:34'),
('20','M','1970-02-26','20','Lake Daronborough','1974-02-26 05:35:46'),
('21','P','2005-07-17','21','Trinityland','1977-10-12 22:38:59'),
('22','M','1988-12-30','22','Cronachester','2005-10-18 20:00:19'),
('23','M','2006-06-25','23','Lake Deshaun','1999-11-22 14:56:14'),
('24','M','1990-11-17','24','Blockchester','2010-01-10 07:03:29'),
('25','M','2020-01-06','25','East Brook','1986-04-02 00:24:00'),
('26','D','2005-06-03','26','North Eveline','1975-08-08 02:57:58'),
('27','M','1973-02-28','27','North Laurafort','1996-07-27 23:23:17'),
('28','P','1997-01-02','28','Hershelchester','1988-05-29 03:57:13'),
('29','P','2016-05-09','29','East Richmond','2005-08-30 04:53:53'),
('30','P','2012-06-11','30','Feilmouth','2018-01-04 03:02:48'),
('31','M','2018-05-23','31','West Greg','1996-03-27 01:16:07'),
('32','P','1975-10-08','32','North Amos','2008-06-05 19:30:54'),
('33','M','2018-11-08','33','Roscoetown','1999-04-11 15:25:00'),
('34','D','2013-10-18','34','Kulasville','2003-05-19 02:50:22'),
('35','P','1979-07-18','35','Lake Wavashire','1975-09-01 13:57:36'),
('36','M','2008-08-21','36','West Kennith','2004-12-31 16:00:31'),
('37','D','1973-11-20','37','North Abigailville','1974-10-09 21:21:03'),
('38','M','2006-11-27','38','Gutkowskihaven','2019-12-26 11:40:28'),
('39','M','1993-12-15','39','South Rubye','2005-05-07 12:48:03'),
('40','P','1978-01-08','40','Port Johnsonport','2006-10-31 11:04:12'),
('41','P','2002-04-23','41','Lake Hildegardmouth','2006-01-24 23:56:10'),
('42','M','2002-06-10','42','Lefflerfurt','1974-07-04 21:51:25'),
('43','M','1973-02-21','43','East Enricohaven','2001-07-17 09:20:56'),
('44','D','2006-03-29','44','Jeremyton','1980-06-07 07:13:32'),
('45','D','2019-12-15','45','Hermanchester','1988-02-13 15:40:20'),
('46','D','2014-07-02','46','East Wilhelminebury','1977-10-12 09:58:58'),
('47','D','1986-05-09','47','Roobton','1991-08-08 12:26:26'),
('48','P','1985-01-24','48','New Brigitte','1983-06-30 04:08:21'),
('49','M','2017-10-20','49','Port Aldenfurt','1995-03-18 10:14:13'),
('50','M','2001-08-06','50','West Ceciliaton','1972-05-28 19:47:44'),
('51','D','1984-07-05','51','West Juliehaven','2011-07-12 11:09:46'),
('52','M','2004-06-15','52','South Gertrude','1998-11-16 23:11:15'),
('53','D','1977-08-17','53','New Mya','2013-02-17 22:16:20'),
('54','M','1991-10-20','54','Champlinside','2002-05-01 02:57:03'),
('55','M','1979-07-17','55','Jalynview','2007-10-03 13:33:55'),
('56','D','2005-03-12','56','East Orlo','1998-02-07 07:30:57'),
('57','P','2000-11-02','57','Harveychester','2005-01-23 15:57:54'),
('58','D','1976-12-31','58','Port Al','1988-09-07 14:26:01'),
('59','M','1996-01-07','59','North Katrinechester','1973-07-25 10:50:08'),
('60','M','2005-05-19','60','Denesikville','2009-09-08 18:47:47'),
('61','P','1992-07-16','61','West Madiehaven','1989-06-07 02:18:43'),
('62','D','1979-06-12','62','West Ansley','1996-11-16 16:55:14'),
('63','M','2005-12-09','63','Hermannview','1972-04-15 12:49:38'),
('64','D','2015-01-17','64','Altenwerthfurt','1974-07-25 17:50:05'),
('65','D','2012-04-24','65','Adrianaland','2001-08-13 14:59:18'),
('66','M','2010-07-11','66','Dachhaven','1993-05-15 03:19:22'),
('67','M','1971-05-09','67','Jonathonport','1989-08-29 04:27:34'),
('68','M','1993-07-03','68','West Charlie','1997-01-04 11:51:47'),
('69','M','2017-07-28','69','Dickenstown','2006-06-27 17:17:19'),
('70','M','1984-10-11','70','West Lura','1974-02-25 04:52:35'),
('71','D','1991-05-26','71','Jesusshire','2010-03-27 10:51:17'),
('72','D','1984-09-01','72','North Ezequiel','1994-12-28 02:37:24'),
('73','M','1991-08-04','73','West Estellstad','1991-11-17 00:53:56'),
('74','P','1982-11-22','74','Lake Shanelle','2016-05-28 22:00:56'),
('75','D','1984-04-15','75','West Dorcasland','1997-09-06 10:55:10'),
('76','P','1989-08-15','76','East Vidaview','2009-07-23 07:22:25'),
('77','M','2006-05-30','77','North Bettie','2004-08-15 23:09:25'),
('78','P','1974-02-20','78','North Melisaview','2014-12-05 08:11:35'),
('79','D','1983-09-12','79','New Rocky','2016-07-28 04:42:52'),
('80','M','1984-12-21','80','Lake Elisa','1981-03-05 00:04:52'),
('81','M','2004-10-19','81','West Hazel','1970-05-18 19:11:29'),
('82','M','1976-09-04','82','Watsicastad','1997-06-12 04:33:17'),
('83','D','2019-01-14','83','Lake Sibyl','2015-04-13 03:43:41'),
('84','M','1976-08-27','84','Ernserview','2012-04-15 23:39:45'),
('85','P','2013-08-15','85','West Jaylenburgh','1974-06-01 21:15:49'),
('86','M','1982-12-31','86','Brockburgh','1980-05-10 06:41:29'),
('87','P','2013-08-17','87','Alvisborough','2019-04-13 14:40:52'),
('88','M','2003-05-01','88','Douglasmouth','1984-04-11 11:01:12'),
('89','D','2006-10-14','89','Libbieland','1975-10-07 02:34:39'),
('90','M','1973-10-30','90','Pollichland','1971-07-19 20:59:12'),
('91','D','2006-05-12','91','Cieloland','1990-12-09 16:36:26'),
('92','M','1976-03-21','92','Moenfurt','1971-04-15 06:43:13'),
('93','M','1999-10-08','93','North Toney','1970-01-14 04:03:15'),
('94','M','2002-09-27','94','Kyleeberg','2000-08-15 18:12:21'),
('95','P','1992-03-17','95','Klingland','1970-05-30 01:23:07'),
('96','D','1993-05-31','96','Elinoremouth','1978-08-19 15:23:59'),
('97','D','2003-05-12','97','West Nannieport','1974-04-11 07:16:49'),
('98','D','1983-11-13','98','Port Mya','1975-01-21 01:18:10'),
('99','D','2007-08-09','99','South Leilani','2020-01-19 09:55:21'),
('100','M','1987-07-16','100','Abernathychester','1992-11-09 19:42:01'); 


DROP TABLE IF EXISTS `users`;
CREATE TABLE `users` (
  `id` bigint(20) unsigned NOT NULL AUTO_INCREMENT,
  `firstname` varchar(100) COLLATE utf8_unicode_ci DEFAULT NULL,
  `lastname` varchar(100) COLLATE utf8_unicode_ci DEFAULT NULL,
  `email` varchar(100) COLLATE utf8_unicode_ci DEFAULT NULL,
  `password_hash` varchar(100) COLLATE utf8_unicode_ci DEFAULT NULL,
  `phone` varchar(12) COLLATE utf8_unicode_ci DEFAULT NULL,
  PRIMARY KEY (`id`),
  UNIQUE KEY `email` (`email`),
  KEY `users_phone_idx` (`phone`),
  KEY `firstname` (`firstname`,`lastname`)
) ENGINE=InnoDB AUTO_INCREMENT=101 DEFAULT CHARSET=utf8 COLLATE=utf8_unicode_ci;

INSERT INTO `users` VALUES ('1','Rasheed','Murazik','dickens.yessenia@example.org','6c7ab07010b5dc8e97825c4e64b9a5bbfdb9b6dd','606.089.4475'),
('2','Yasmin','Romaguera','wisozk.bryce@example.org','4ec19897e85cba495affd8e090fa012a3375f646','+73(8)794965'),
('3','Tyrese','Durgan','ieffertz@example.com','666f240d70bb32098a4faae9947d75595beb5350','946.570.5146'),
('4','Dianna','Daniel','ratke.lula@example.org','4f923f0fa6fa06e85c554e3e528b6a357586fc72','04247471540'),
('5','Rory','Fadel','cloyd76@example.net','2c19807ef881a0c60ec712bd746769db5e8340fe','977-040-8473'),
('6','Terrill','Ryan','ldaugherty@example.com','5f51ea67875a8309b64abab4276653311a7195be','710.491.6407'),
('7','Chandler','Boehm','trantow.price@example.com','4b34864ba1a90b3f7ae365fef9ed4c9ae19b5913','414.754.8162'),
('8','Rocio','Schumm','koch.otilia@example.com','3c27775b2350e2ac320bdf4ac064eabc791c9e9e','+32(7)025582'),
('9','Stacy','Simonis','patricia96@example.net','d47baf5e024ba74f397ffc511d6831593f2f9672','(164)567-945'),
('10','Billy','Bashirian','corn@example.com','94121bc98d851632d5b6dd05a2c0d4c24d704fff','496-679-9417'),
('11','Rocio','Terry','kuhn.milo@example.com','cda621d0a4c4d2b7d114c5f9ca4655bd799af00b','288-205-8561'),
('12','Colin','Ortiz','dietrich.antonio@example.net','f872e1cbe94dc62c67d9b4f1f41be285ca530506','883-427-9201'),
('13','Lizeth','Altenwerth','mills.flo@example.org','023847c61bc0a5783c8a2c6aad1fea2642204a1a','(643)578-008'),
('14','Kaley','Gottlieb','lenny09@example.org','4bf58ba464e3828807f9238f6b3d070f873692a5','1-092-779-18'),
('15','Selena','O\'Reilly','ali.reilly@example.net','242fd310679605ceec4707bfadb9304bf937506d','483-938-9716'),
('16','Patsy','Rohan','bashirian.ricardo@example.org','efa06984f4fc4f82060c2d79082bcf64ae5af029','257.901.0998'),
('17','Frederic','Wiegand','moore.meghan@example.com','d706535c488dedab3b98eed472c822edfcc8a7ef','183-032-9616'),
('18','Ethyl','Ratke','lbergnaum@example.net','636d24aa9947b873ec5d8e066fbdde153c9fdf2d','849-173-8867'),
('19','Sandra','Carter','abdiel14@example.org','b7b4f11c3212ccc5ffbfac8d7dd1215f0a1a5b4c','760.281.6500'),
('20','Brittany','Fahey','litzy62@example.com','2137b238d1cd5d4c79fe276223e61b476822c4dd','1-356-125-81'),
('21','Tavares','Hirthe','estella45@example.org','5d6164e8c6f1af5b12cf29ce2c43eb4e6f26a1c0','1-932-082-80'),
('22','Richie','Becker','josephine54@example.net','80d60b614c39e7f3282f624986631f005559964f','+51(8)593910'),
('23','Treva','Hauck','qgislason@example.com','806397fcf4a2c9923377184780e9dc35f25e11fe','331.902.2087'),
('24','Kasandra','Rosenbaum','lola.funk@example.org','7997f9311677693319a724e0136ef96ed1dcd710','+12(2)237553'),
('25','Bradford','Jacobson','chelsie.purdy@example.com','ffda08396a17513d839deca97ac57f6f6100a234','630-088-4763'),
('26','Miguel','Batz','lindgren.colten@example.com','af23f1dda9eccb3dbfbcde1c837d12df537ea0d0','335-275-9693'),
('27','Kay','Ondricka','greenholt.yessenia@example.com','c6d0b3514bf209a8e68408c2e7910572a40a9433','(422)446-453'),
('28','Linnea','Cronin','jayda42@example.com','d5c28d94b61e0dcfb8fcfe0223f862d5f5934005','1-351-931-75'),
('29','Cory','Schiller','sonia84@example.net','5c2675c0366cf0e9a7574e1e90ddf984e2cbcc22','1-743-808-82'),
('30','Oma','Schiller','melba12@example.org','37811d8eae6a951ede5d1350735e34f0787007c2','166-174-7502'),
('31','Gloria','Wisoky','mclaughlin.ramona@example.net','c5560be6b6f78fe02d1fe194c3e7b70ce68bf8dc','738.920.6658'),
('32','Dena','Romaguera','brakus.domenic@example.net','89a0f4a0b2ffdbad23a1f30443ce5f8791dbb8bb','916.689.7209'),
('33','Filiberto','Bartell','garland66@example.org','bb2beeb2a446f6ad5a61d15aea4f23ed29c696a0','774.529.7075'),
('34','Jessika','Wilkinson','cnienow@example.com','a675fc5d93d7c50f43609fb3ce6324b5c04083f2','695-614-3142'),
('35','Aniyah','Robel','kreiger.gaylord@example.com','b4306ec2251e80f19205419f11efa394f0d4aa2f','240.007.7037'),
('36','Eveline','Lowe','deborah.christiansen@example.com','f9c7744a7dc5976568b0f3c137802a6160ff9f8c','366-579-0593'),
('37','Alexis','Breitenberg','dangelo45@example.net','34b90e20d30d07d36c144d82971fd0c219845f1b','692-672-9796'),
('38','Neva','Cartwright','rebekah.waters@example.org','e132077d9df640c4f166f43e4cf2b362bfd67369','1-685-574-91'),
('39','Myrl','McLaughlin','crooks.lourdes@example.net','7bd9b2dad772878a8c42b86a990c3fc83c484198','649.928.2046'),
('40','Halie','Wilderman','marguerite06@example.com','d8dbe0e53a0d0f66b69518d468f042d31df6d5b3','313-667-9485'),
('41','Zella','Bins','jkoepp@example.com','8f0e3424bd0af46f2131f75da7a1cc145c17577a','(359)233-392'),
('42','Edmund','Kreiger','michel41@example.org','173efad52b5d7425ea3b619f4de7eb465d97be76','317-336-1135'),
('43','Art','Beahan','haylee57@example.com','7110f8cc20c7b22f0475a3a60baf0d7064506544','(759)571-070'),
('44','Clinton','Frami','obie.lang@example.org','447404f4fede42e0faa8c696c8b50109906de9c6','1-273-882-09'),
('45','Micaela','Waelchi','koelpin.nigel@example.net','2248e450eb63c348778b35247f892a49d42e1fe5','143.853.9000'),
('46','Cristobal','Rodriguez','berneice.ratke@example.org','bbd9bbe274d8be454a1408e8af89d370973d05dd','497.736.3054'),
('47','Elisa','Waters','declan.skiles@example.com','ebdb166b4ac3ff04e15a1a30650c9dc71c33a03a','1-172-778-32'),
('48','Darryl','Jenkins','mcarter@example.net','6c4dceacba2b05a04f7373830ec70dd9c0f15a00','937.889.7907'),
('49','Lorenz','Osinski','gnolan@example.org','132972d4b3636edcfd0f39ba0edc46fcabcc4d4f','012.130.0938'),
('50','Davonte','Reynolds','conn.mallie@example.org','0bb8fb9c79f154cd5d99fb0d63e5749175ce2f5c','084-724-1363'),
('51','Grace','Kling','ross88@example.com','9ee72cff684b1505f9c2c5420eb1602e7a3c22f4','842-130-2551'),
('52','Reese','Ratke','yprohaska@example.net','655326a2bf36e3cb1548df2511278062d60b2422','1-993-061-33'),
('53','Tyshawn','Prosacco','garrison12@example.org','0a96971cd5d88ceb825a66faeadbf6902541810f','549.430.2343'),
('54','Cornell','McGlynn','buckridge.tara@example.net','0817f0f92ea65180dfae3fd2ea99710d715239f4','(570)869-105'),
('55','Jayda','Hane','dahlia.reilly@example.com','feb68da1692d7a12ac2e24c330731c72068f173d','164.783.5124'),
('56','Ali','Cruickshank','justen75@example.com','68c0dfb276fa0f5357b9803125770578b8d290aa','481.907.0187'),
('57','Yasmeen','Lueilwitz','theresa.leannon@example.net','fb7541fdea87773e461957d400f4d1784e10d59f','169.386.1049'),
('58','Keira','Wintheiser','quigley.sherwood@example.com','41281b7c6ed69a604edbb988cf1fa090461b73c0','+10(0)548202'),
('59','Buddy','Anderson','barton.sporer@example.org','a38659e4b9e31a2b98d00f6b251eee887b206cc0','(942)819-669'),
('60','Jamey','Friesen','spinka.earlene@example.net','8bd52deb52861e782365e4fd49b0bfb3c2a58acf','(970)112-056'),
('61','Brian','Wolf','ewald.kiehn@example.com','4f0b10658f70c0c4e8e24aab49dfc74e0b87082e','(275)341-149'),
('62','Maudie','Christiansen','robb.collier@example.net','622d526cd4b398276242c21f3279960a8d59e5c0','921-467-5862'),
('63','Joelle','Crooks','nyah29@example.com','6be3b09995f43a98868b7dae6676a6322188a1a1','(061)803-316'),
('64','Laurine','Lesch','bogan.hector@example.net','6228d52dd96e67bbdd75e880aab6d2a7659cdfec','(066)881-305'),
('65','Luna','Schaden','langworth.oliver@example.com','6b14e03279b5b0d29360298519e9d9846931708c','+06(3)384102'),
('66','Jazmyn','Gleason','colin.cole@example.net','b2be7a739f9cdd69985d5bbfdf618f063c0db8b4','533.407.8578'),
('67','Isom','Kerluke','kmurray@example.org','4b3aa446be935176afcb855fa3baa708164d60fc','(518)957-877'),
('68','Taurean','Bogan','fleta47@example.org','9c699eea58cc201ed3003340ff292ae7d0685cc6','1-256-807-95'),
('69','Trey','Kihn','belle.howell@example.org','54eed36372142449a6dc339ac634d9c50ae4bae6','076.010.7660'),
('70','Lewis','Stark','royal.deckow@example.org','879933e29156d58a35f8bdab1b91722502f57b18','126.256.1100'),
('71','Ryder','Rowe','jonathon.mann@example.com','aeb58a5f0a6da30c2c408474ab91c3305bddecf6','332-345-7099'),
('72','Dawson','Wehner','bartoletti.clinton@example.com','75ec568bc4e38a4b44c0fbb69e58ca6645a9cba0','03640249365'),
('73','Maybell','Haley','qhauck@example.com','f68cf00e265c93ef3502f5afdccecbf9b2f14644','(661)354-487'),
('74','Jett','Williamson','reina.pfannerstill@example.org','3ddf06a0b50915b4c7c3cbadfee7bdfb1807fe10','283.720.3877'),
('75','Liliane','Volkman','lgottlieb@example.com','d3469734a3ecad5547e43eaa50c76421532da9b3','847-743-0841'),
('76','Hertha','Goldner','westley.harvey@example.org','b6c96cf3ca92ec9322faeae558a9ce9fc733243e','804.519.5213'),
('77','Lori','Larson','slangosh@example.net','17a991d58a9c24d79ede48c70e4969632955b27a','1-283-972-54'),
('78','Kayley','Thompson','emmerich.bria@example.com','4c44b131c1daf69c75011da1ad3e55479556b5a6','341-016-2645'),
('79','Clay','Hermann','ebba.conroy@example.com','a5c90693fc56411df64dda024de349a190923b9b','453.214.7135'),
('80','Assunta','Bednar','ostrosin@example.com','2f887731ee589ee13c76a154a659311a948aca8e','1-858-131-75'),
('81','Julio','Bailey','forrest.gislason@example.net','3adf79718033214cfb3e8153147c0a8f315a5b6e','502.969.6857'),
('82','Columbus','Beatty','lrowe@example.net','345f480aaf34baa125b616f4495764d7942ca9ff','426-673-6818'),
('83','Chasity','Denesik','tullrich@example.com','83a3bdb1583921c13868e30879e93cc132cc49c0','317-268-8913'),
('84','Jamarcus','Franecki','dixie94@example.org','fe50fe1e1f7859d5425487197fc270c9fc89c7cf','010.902.4784'),
('85','Isabelle','Ullrich','roselyn.orn@example.org','3982b6dfaf4a5b0586eb85317ff64a0ed81ba82d','1-451-953-14'),
('86','Wilma','Nitzsche','leopold73@example.com','6c87a097a0d47dd30a02940ea8bece0a7e6681bb','(522)062-246'),
('87','Gennaro','Lueilwitz','waino.nienow@example.org','d51fb9f03643ef5bbfe5645e1ffc2b9711ea002f','843.037.6412'),
('88','Marilyne','Farrell','schaefer.kavon@example.org','e5c637c4fcd2a0b36f0f45edc49e5707ca39db80','(571)637-201'),
('89','Jasen','Goldner','schroeder.lamar@example.org','e6714f8c7f1e592f5a20f0c3fa462f048933bcff','+57(7)679584'),
('90','Gail','Swift','kuhlman.meggie@example.com','b1d402b93c8e1b650347fb54142c94f59966e2f0','294.889.3861'),
('91','Cristopher','Monahan','douglas.frami@example.net','f6949d8310d2a2a12014ac249aef04ef41702c3b','470-787-7890'),
('92','Kellen','Fay','jeffrey58@example.com','28136fade15934b2b17aa21aa67bb718439162d3','(544)465-997'),
('93','Mia','Murphy','ernesto44@example.com','26b0c9565a868bff350f3f8507a6a612412fc760','467.443.4361'),
('94','Oda','Hagenes','msanford@example.org','8149a61aa0ec2a7931cca195f89ac9efd46543bb','1-396-998-42'),
('95','Carmela','Pacocha','archibald.heller@example.net','44017a82eed3737d88268e075a85e20b82acc6a6','607.525.9367'),
('96','Verna','Zemlak','hwalter@example.com','1bd502920e78b5f4bfb70509f0d6a57b415455ce','(475)016-512'),
('97','Annamarie','Quigley','jeramy67@example.net','670cea6ff61c844e9e64519dbc236b7e355e5dd8','+75(8)842483'),
('98','Imogene','Kassulke','eric.rogahn@example.net','457269a1f85c557350b8ef731943bab72204e053','643.629.3176'),
('99','Monica','Reynolds','vada64@example.net','2cccfe140fb03106ec35e3f0e4f3f79ccda14c87','754-148-5270'),
('100','Ignacio','Wilderman','rwolf@example.com','a65f499c428a5c91f093018b139c30e801d9a92e','229.850.7910'); 


DROP TABLE IF EXISTS `users_communities`;
CREATE TABLE `users_communities` (
  `user_id` bigint(20) unsigned NOT NULL,
  `community_id` bigint(20) unsigned NOT NULL,
  PRIMARY KEY (`user_id`,`community_id`),
  KEY `community_id` (`community_id`),
  CONSTRAINT `users_communities_ibfk_1` FOREIGN KEY (`user_id`) REFERENCES `users` (`id`),
  CONSTRAINT `users_communities_ibfk_2` FOREIGN KEY (`community_id`) REFERENCES `communities` (`id`)
) ENGINE=InnoDB DEFAULT CHARSET=utf8 COLLATE=utf8_unicode_ci;

INSERT INTO `users_communities` VALUES ('1','1'),
('2','2'),
('3','3'),
('4','4'),
('5','5'),
('6','6'),
('7','7'),
('8','8'),
('9','9'),
('10','10'),
('11','1'),
('12','2'),
('13','3'),
('14','4'),
('15','5'),
('16','6'),
('17','7'),
('18','8'),
('19','9'),
('20','10'),
('21','1'),
('22','2'),
('23','3'),
('24','4'),
('25','5'),
('26','6'),
('27','7'),
('28','8'),
('29','9'),
('30','10'),
('31','1'),
('32','2'),
('33','3'),
('34','4'),
('35','5'),
('36','6'),
('37','7'),
('38','8'),
('39','9'),
('40','10'),
('41','1'),
('42','2'),
('43','3'),
('44','4'),
('45','5'),
('46','6'),
('47','7'),
('48','8'),
('49','9'),
('50','10'),
('51','1'),
('52','2'),
('53','3'),
('54','4'),
('55','5'),
('56','6'),
('57','7'),
('58','8'),
('59','9'),
('60','10'),
('61','1'),
('62','2'),
('63','3'),
('64','4'),
('65','5'),
('66','6'),
('67','7'),
('68','8'),
('69','9'),
('70','10'),
('71','1'),
('72','2'),
('73','3'),
('74','4'),
('75','5'),
('76','6'),
('77','7'),
('78','8'),
('79','9'),
('80','10'),
('81','1'),
('82','2'),
('83','3'),
('84','4'),
('85','5'),
('86','6'),
('87','7'),
('88','8'),
('89','9'),
('90','10'),
('91','1'),
('92','2'),
('93','3'),
('94','4'),
('95','5'),
('96','6'),
('97','7'),
('98','8'),
('99','9'),
('100','10'); 




/*!40101 SET SQL_MODE=@OLD_SQL_MODE */;
/*!40014 SET FOREIGN_KEY_CHECKS=@OLD_FOREIGN_KEY_CHECKS */;
/*!40014 SET UNIQUE_CHECKS=@OLD_UNIQUE_CHECKS */;
/*!40101 SET CHARACTER_SET_CLIENT=@OLD_CHARACTER_SET_CLIENT */;
/*!40101 SET CHARACTER_SET_RESULTS=@OLD_CHARACTER_SET_RESULTS */;
/*!40101 SET COLLATION_CONNECTION=@OLD_COLLATION_CONNECTION */;
/*!40111 SET SQL_NOTES=@OLD_SQL_NOTES */;

